1|Dufoure, Pierrette|pdufoure0@reuters.com|22.73.89.195
7|Rollings, Beverlie|brollings6@yellowbook.com|251.164.250.223
9|Boater, Jacquie|jboater8@photobucket.com|114.185.207.174
15|Cardoe, Georgiana|gcardoee@imageshack.us|23.103.101.181
17|Gehrels, Randi|rgehrelsg@goo.ne.jp|126.76.108.157
21|Gobolos, Hanna|hgobolosk@infoseek.co.jp|234.53.174.13
25|Woodrooffe, Corly|cwoodrooffeo@europa.eu|253.214.195.135
27|Fernehough, Lianna|lfernehoughq@yelp.com|220.239.212.220
29|Sansome, Merl|msansomes@pagesperso-orange.fr|239.7.167.124
39|Wildsmith, Merry|mwildsmith12@reverbnation.com|20.214.104.91
45|Medland, Arlena|amedland18@google.es|17.114.77.30
47|Schiell, Jacinda|jschiell1a@cnn.com|69.106.105.132
49|Credland, Myrta|mcredland1c@mail.ru|51.152.165.130
51|Stanesby, Taffy|tstanesby1e@godaddy.com|242.111.219.25
53|Gally, Rozelle|rgally1g@youku.com|27.156.159.104
59|Werrit, Coralie|cwerrit1m@blogtalkradio.com|193.152.65.158
61|Carlick, Kanya|kcarlick1o@google.cn|91.15.88.147
65|Saffell, Wilona|wsaffell1s@gmpg.org|200.166.237.20
67|Batchelar, Joella|jbatchelar1u@wikipedia.org|54.206.67.136
69|Halstead, Arlinda|ahalstead1w@google.ca|94.255.119.95
73|Whitefoot, Glennie|gwhitefoot20@paginegialle.it|174.108.185.242
75|Pratley, Siouxie|spratley22@free.fr|179.111.28.212
79|Mixer, Ronny|rmixer26@ovh.net|141.117.147.234
83|Barsby, Nessi|nbarsby2a@unblog.fr|196.67.40.215
85|Burbury, Adrianna|aburbury2c@qq.com|235.37.246.23
87|Kilford, Lelia|lkilford2e@topsy.com|51.183.86.250
91|Garfit, Babbette|bgarfit2i@de.vu|13.193.144.97
93|Fyndon, Costanza|cfyndon2k@smh.com.au|44.73.207.52
95|Schiesterl, Stacy|sschiesterl2m@nsw.gov.au|142.223.187.112
101|Losano, Rosalind|rlosano0@squidoo.com|149.72.170.59
105|Deviney, Norean|ndeviney4@gravatar.com|85.37.170.189
111|Becker, Zulema|zbeckera@webmd.com|16.101.231.176
113|Mocquer, Gisele|gmocquerc@statcounter.com|240.229.22.76
115|Cushion, Karlen|kcushione@hibu.com|222.132.58.253
117|Grindell, Leeanne|lgrindellg@theatlantic.com|116.6.170.57
121|Olin, Marquita|molink@constantcontact.com|55.168.238.59
125|Headly, Kaylyn|kheadlyo@lycos.com|90.170.246.184
127|Bartles, Enid|ebartlesq@google.cn|215.172.21.175
129|Ripper, Freddi|frippers@elegantthemes.com|242.160.186.129
131|Phillipp, Minette|mphillippu@homestead.com|209.97.13.177
133|de Courcey, Ninnetta|ndecourceyw@senate.gov|184.145.11.247
135|Dorro, Shelagh|sdorroy@taobao.com|30.47.67.255
145|Slad, Audrye|aslad18@msn.com|233.142.177.49
147|McGall, Brina|bmcgall1a@apache.org|130.183.241.27
149|Flintiff, Margette|mflintiff1c@360.cn|226.149.41.44
157|Shortcliffe, Kyrstin|kshortcliffe1k@who.int|176.217.190.14
159|Oattes, Fania|foattes1m@g.co|195.216.24.20
161|Aveson, Gloria|gaveson1o@miibeian.gov.cn|168.77.116.163
163|Ivanikov, Beryl|bivanikov1q@cbc.ca|0.150.62.142
165|Spray, Ciel|cspray1s@time.com|26.165.48.0
167|Krelle, Debera|dkrelle1u@cyberchimps.com|181.172.108.87
171|Loudyan, Joceline|jloudyan1y@netvibes.com|201.212.40.139
173|McBoyle, Marla|mmcboyle20@domainmarket.com|169.246.231.51
175|Capeling, Tamarah|tcapeling22@imageshack.us|42.62.112.154
179|Lamar, Edin|elamar26@addthis.com|45.251.80.245
183|Dalgarno, Lyndy|ldalgarno2a@geocities.jp|123.138.84.102
187|Tatnell, Corine|ctatnell2e@jalbum.net|112.155.92.174
191|Fradson, Christiane|cfradson2i@fema.gov|176.240.240.119
193|Eayrs, Cinnamon|ceayrs2k@bravesites.com|98.162.74.53
197|Johanchon, Emelina|ejohanchon2o@wix.com|52.191.40.202
203|Fain, Aurelea|afain2u@weibo.com|43.192.39.13
207|Westmarland, Imojean|iwestmarland2y@hud.gov|73.155.33.197
209|MacGillacolm, Jacquelyn|jmacgillacolm30@stumbleupon.com|215.53.31.212
211|Dunkerton, Manya|mdunkerton32@1und1.de|146.126.46.3
213|Selwin, Wylma|wselwin34@cafepress.com|146.136.3.51
217|Rosbotham, Yevette|yrosbotham38@fema.gov|173.86.244.223
219|Tschirschky, Katharyn|ktschirschky3a@harvard.edu|90.60.185.197
221|Dewane, Marlane|mdewane3c@cisco.com|34.170.66.69
227|Baptie, Dinah|dbaptie3i@tmall.com|191.242.216.213
229|Columbell, Vonni|vcolumbell3k@blog.com|110.187.190.73
231|Kinnar, Kellie|kkinnar3m@ihg.com|134.169.152.73
233|Eskrigg, Antonia|aeskrigg3o@merriam-webster.com|233.56.221.23
237|O'Harney, Sheryl|soharney3s@omniture.com|235.111.10.213
239|Oki, Fianna|foki3u@shutterfly.com|206.13.101.35
243|O'Crevan, Fanya|focrevan3y@reddit.com|75.200.227.29
247|Deverock, Cynthy|cdeverock42@answers.com|193.25.206.64
249|Loud, Saraann|sloud44@cpanel.net|66.131.101.178
251|Coxen, Leigha|lcoxen46@vistaprint.com|109.199.165.9
253|Atkyns, Rosaleen|ratkyns48@google.co.uk|192.151.105.220
255|McAlroy, Jeannine|jmcalroy4a@vk.com|79.155.6.14
257|Geldard, Mari|mgeldard4c@opensource.org|222.157.98.225
271|Shayler, Lilas|lshayler4q@usgs.gov|58.169.46.210
275|Ballintime, Andy|aballintime4u@yahoo.co.jp|84.193.109.171
277|Cockshot, Lorilyn|lcockshot4w@boston.com|118.50.77.185
281|Faccini, Bonnie|bfaccini50@salon.com|99.250.83.46
283|Warrell, Leone|lwarrell52@noaa.gov|170.107.43.214
287|Shower, Paulie|pshower56@fastcompany.com|84.110.138.200
289|Bramich, Jeramie|jbramich58@google.com|254.42.132.223
291|Sliney, Babbie|bsliney5a@mail.ru|41.210.149.64
293|Spurrier, Sibyl|sspurrier5c@youtube.com|134.247.224.62
295|Kenefick, Stanleigh|skenefick5e@opensource.org|208.175.201.236
299|Didsbury, Grover|gdidsbury5i@wired.com|42.68.178.90
303|Blockley, Mureil|mblockley5m@nydailynews.com|102.20.27.248
305|Dimsdale, Annabella|adimsdale5o@typepad.com|122.107.145.120
311|Nicholes, Nicolle|nnicholes5u@cisco.com|150.129.238.22
313|Vivian, Adey|avivian5w@surveymonkey.com|106.235.8.248
319|Ridding, Izabel|iridding62@cafepress.com|28.161.162.10
321|Begin, Gaye|gbegin64@sourceforge.net|20.208.93.195
323|Rickwood, Willey|wrickwood66@ocn.ne.jp|213.3.173.193
325|Pisco, Robyn|rpisco68@sitemeter.com|215.173.101.215
327|Lodden, Kirsten|klodden6a@istockphoto.com|137.103.204.104
329|Brandi, Sheila|sbrandi6c@shop-pro.jp|186.226.46.53
331|Huntly, Ibby|ihuntly6e@youtu.be|42.98.103.229
333|Stentiford, Karrie|kstentiford6g@edublogs.org|186.16.188.164
337|Aucott, Ophelie|oaucott6k@state.gov|230.160.124.12
341|Hedge, Cristin|chedge6o@china.com.cn|96.151.47.192
345|Hubbins, Rana|rhubbins6s@cyberchimps.com|61.168.219.26
347|Ajsik, Jodee|jajsik6u@google.cn|160.248.217.56
349|Branca, Drugi|dbranca6w@sbwire.com|233.43.248.232
351|Bulleyn, Alta|abulleyn6y@china.com.cn|246.193.90.96
361|Bewlay, Aura|abewlay78@slate.com|53.228.131.204
363|Tradewell, Stefa|stradewell7a@foxnews.com|22.151.137.116
365|Siehard, Sheree|ssiehard7c@skype.com|8.12.73.215
367|Mincini, Reine|rmincini7e@hc360.com|147.152.249.126
369|Noddles, Georgena|gnoddles7g@devhub.com|195.109.142.243
373|Dundredge, Myrlene|mdundredge7k@amazon.com|82.219.183.43
375|Ollander, Gabriel|gollander7m@about.me|116.202.40.159
381|Chitham, Rozina|rchitham7s@themeforest.net|215.48.189.146
383|Ughetti, Coraline|cughetti7u@skype.com|46.200.176.94
385|Boutellier, Siobhan|sboutellier7w@multiply.com|94.72.179.33
387|Occleshaw, Bertie|boccleshaw7y@booking.com|15.125.204.207
389|Tilte, Gert|gtilte80@storify.com|28.38.22.66
391|Reavey, Barty|breavey82@tinyurl.com|110.116.35.90
395|Westphal, Starla|swestphal86@cdbaby.com|248.249.159.204
397|Bernardelli, Madelena|mbernardelli88@businessinsider.com|173.150.163.28
401|Fitzer, Wheeler|wfitzer8c@mayoclinic.com|249.154.105.231
409|Overshott, Latashia|lovershott8k@list-manage.com|172.189.138.173
413|Casel, Vivian|vcasel8o@netlog.com|202.157.104.4
415|Fiveash, Sylvia|sfiveash8q@bbb.org|88.201.192.35
417|Hedylstone, Ariela|ahedylstone8s@shop-pro.jp|212.71.59.232
423|Beagen, Lanna|lbeagen8y@census.gov|155.112.103.95
427|Schuster, Marabel|mschuster92@java.com|32.146.1.246
429|Pic, Beatriz|bpic94@themeforest.net|90.39.128.98
431|Warbys, Camala|cwarbys96@foxnews.com|220.134.5.30
433|Putt, Claudine|cputt98@youku.com|22.159.29.25
435|Dearnley, Chiquita|cdearnley9a@histats.com|102.7.16.186
437|Manderson, Biddie|bmanderson9c@cdc.gov|127.112.210.78
439|MacAlpine, Gretal|gmacalpine9e@webmd.com|46.13.26.7
441|Petrovic, Horatia|hpetrovic9g@istockphoto.com|66.173.125.3
443|Dagon, Emilio|edagon9i@forbes.com|76.217.45.252
445|Grieswood, Noelle|ngrieswood9k@liveinternet.ru|177.146.146.181
449|Lowe, Timotheus|tlowe9o@ftc.gov|219.205.247.6
453|Syvret, Maryellen|msyvret9s@nasa.gov|233.120.244.144
455|Wingham, Clo|cwingham9u@vinaora.com|112.47.226.19
459|Turmel, Carol-jean|cturmel9y@aol.com|246.186.159.105
461|Fanthome, Ernaline|efanthomea0@tiny.cc|93.88.165.18
465|Kleinsinger, Reine|rkleinsingera4@joomla.org|75.158.206.244
471|Lucien, Marchelle|mlucienaa@mapquest.com|100.236.22.130
475|Priden, Beitris|bpridenae@gizmodo.com|185.221.110.38
477|Mungham, Minnnie|mmunghamag@friendfeed.com|35.12.232.86
479|Frostdicke, Reta|rfrostdickeai@netlog.com|68.54.51.159
481|Boggish, Cathee|cboggishak@engadget.com|160.132.105.246
491|Durston, Bonnee|bdurstonau@printfriendly.com|115.12.87.156
493|Fores, Bren|bforesaw@tmall.com|169.221.160.30
499|Drewes, Mari|mdrewesb2@ow.ly|125.249.8.88
501|Ballintime, Tonie|tballintimeb4@t.co|241.119.57.159
503|Clarabut, Daniella|dclarabutb6@newyorker.com|103.120.214.231
507|McKay, Diane|dmckayba@paginegialle.it|139.171.158.233
509|Corkish, Kurtis|kcorkishbc@mlb.com|212.88.131.234
511|Mendus, Keely|kmendusbe@jiathis.com|242.139.10.235
513|Cordeiro, Constantine|ccordeirobg@vinaora.com|20.203.83.194
519|Ondrousek, Dina|dondrousekbm@barnesandnoble.com|110.73.19.15
523|Gobbett, Anabella|agobbettbq@pen.io|233.174.25.164
529|Ludman, Carolan|cludmanbw@addtoany.com|220.135.175.116
533|Greenalf, Bryana|bgreenalfc0@exblog.jp|254.58.77.103
537|Needs, Cathe|cneedsc4@geocities.com|82.82.92.2
539|McKiddin, Dan|dmckiddinc6@edublogs.org|90.110.166.254
543|Sellwood, Ardra|asellwoodca@geocities.com|34.107.214.150
545|Mallindine, Alejandra|amallindinecc@artisteer.com|123.21.210.59
547|Heatly, Judith|jheatlyce@nih.gov|90.0.244.158
553|Bichard, Bryna|bbichardck@state.gov|208.180.206.153
557|Pavlov, Alexio|apavlovco@reverbnation.com|242.162.67.140
563|Larder, Drusi|dlardercu@cam.ac.uk|136.225.187.63
567|Souster, Pauline|psoustercy@mashable.com|123.156.95.146
571|Stebbings, Erinn|estebbingsd2@linkedin.com|50.28.149.101
577|Fetterplace, Mollie|mfetterplaced8@nationalgeographic.com|72.244.223.243
579|Beaby, Alvinia|abeabyda@scientificamerican.com|54.150.24.170
581|Lovstrom, Eveline|elovstromdc@usda.gov|200.0.67.164
583|Yedall, Alis|ayedallde@examiner.com|71.92.64.223
585|Warcop, Ealasaid|ewarcopdg@upenn.edu|255.34.45.161
589|Kelmere, Bibbye|bkelmeredk@t.co|127.139.249.24
591|Ferrucci, Carree|cferruccidm@mtv.com|221.111.186.142
593|Pardie, Gregory|gpardiedo@va.gov|128.137.205.155
599|Greetland, Amalee|agreetlanddu@bing.com|175.251.69.209
605|Grinsdale, Cariotta|cgrinsdalee0@sfgate.com|135.111.72.219
609|Courtliff, Pam|pcourtliffe4@indiegogo.com|59.110.176.30
611|Lascelles, Jerald|jlascellese6@deliciousdays.com|4.61.137.197
621|Boorne, Guillemette|gboorneeg@nasa.gov|178.105.185.163
625|Sherrell, Ginevra|gsherrellek@mashable.com|175.100.15.162
627|Barnsdall, Milicent|mbarnsdallem@zimbio.com|151.133.184.129
629|Lanham, Tandie|tlanhameo@usda.gov|59.76.4.28
633|Kroch, Brandais|bkroches@163.com|162.221.31.229
635|Puddephatt, Lila|lpuddephatteu@e-recht24.de|58.63.36.109
641|Du Hamel, Dayna|dduhamelf0@alexa.com|101.49.227.123
643|Wightman, Leelah|lwightmanf2@goo.ne.jp|233.230.133.190
645|Hallums, Felicle|fhallumsf4@zdnet.com|239.6.208.78
647|Yakovlev, Theresina|tyakovlevf6@mail.ru|12.128.98.30
651|Lytton, Michelle|mlyttonfa@g.co|29.74.68.151
661|Winterbotham, Xylina|xwinterbothamfk@slashdot.org|63.79.201.67
663|Boden, Alissa|abodenfm@seattletimes.com|102.185.247.176
669|Purdey, Agnes|apurdeyfs@opera.com|167.148.246.86
673|Vernazza, Eleanore|evernazzafw@dmoz.org|196.153.169.181
681|Ector, Iseabal|iectorg4@wikipedia.org|137.223.31.162
683|Burghall, Venita|vburghallg6@free.fr|117.212.213.141
687|Lincey, Hortensia|hlinceyga@ask.com|92.215.212.144
689|Dickman, Benedikt|bdickmangc@csmonitor.com|92.41.70.39
691|Detoile, Dot|ddetoilege@cisco.com|95.159.98.216
697|Wildt, Thomasin|twildtgk@unesco.org|180.227.47.168
701|Handke, Georgina|ghandkego@bizjournals.com|27.12.167.10
707|Bywater, Antonina|abywatergu@icq.com|64.52.41.35
709|Rakestraw, Sheree|srakestrawgw@pbs.org|118.164.1.42
711|Rowatt, Adelaide|arowattgy@w3.org|24.141.59.250
713|Birkenshaw, Peria|pbirkenshawh0@e-recht24.de|206.20.108.197
719|Ciciura, Boote|bciciurah6@auda.org.au|59.72.221.87
723|Zapata, Birdie|bzapataha@utexas.edu|27.0.36.188
725|Iacabucci, Murial|miacabuccihc@businessinsider.com|77.161.181.141
727|Faulconer, Rozalie|rfaulconerhe@ezinearticles.com|41.26.193.18
733|Porte, Dara|dportehk@youku.com|212.207.210.3
739|Denyukin, Janessa|jdenyukinhq@naver.com|239.209.43.94
741|Kraft, Tommy|tkrafths@google.co.uk|82.72.186.255
745|Sellwood, Gayler|gsellwoodhw@tripod.com|248.146.58.178
747|Farrington, Camel|cfarringtonhy@alibaba.com|147.36.158.191
749|Guterson, Lorena|lgutersoni0@zdnet.com|34.123.53.50
751|Carless, Elinor|ecarlessi2@narod.ru|194.36.180.200
753|Spittal, Ilsa|ispittali4@scientificamerican.com|99.124.112.156
755|Grane, Loralie|lgranei6@uol.com.br|182.105.49.199
759|Loveard, Ange|aloveardia@thetimes.co.uk|160.156.42.11
763|Epple, Elberta|eeppleie@seesaa.net|83.197.50.248
767|Klugel, Alica|aklugelii@edublogs.org|114.125.61.135
769|Lortzing, Lara|llortzingik@ycombinator.com|176.108.171.15
773|Dooney, Alessandra|adooneyio@youku.com|255.70.145.203
775|Rape, Theresita|trapeiq@gravatar.com|27.20.34.178
777|Bradbury, Liana|lbradburyis@netvibes.com|240.38.142.244
779|Nibloe, Penelope|pnibloeiu@google.ca|0.41.24.252
781|Hansod, Isa|ihansodiw@yellowbook.com|113.24.107.101
783|Wingrove, Lynnette|lwingroveiy@vkontakte.ru|80.67.138.10
787|Jerosch, Melissa|mjeroschj2@irs.gov|126.126.72.229
789|Bowller, Esta|ebowllerj4@walmart.com|143.121.0.139
793|Eveling, Pippy|pevelingj8@wix.com|6.237.119.100
797|Killby, Philippe|pkillbyjc@google.com.br|152.246.23.132
799|Jeste, Kara-lynn|kjesteje@europa.eu|38.84.201.181
801|Corradi, Kerrill|kcorradijg@smugmug.com|144.16.134.148
803|Trubshawe, Fedora|ftrubshaweji@constantcontact.com|140.163.151.243
805|Basnett, Netti|nbasnettjk@baidu.com|119.248.240.101
809|Boulden, Libbey|lbouldenjo@state.gov|42.176.214.116
811|Mohan, Mandie|mmohanjq@miibeian.gov.cn|40.16.60.189
821|Rabjohn, Callida|crabjohnk0@engadget.com|91.137.122.152
825|Blease, Blaire|bbleasek4@ft.com|45.134.51.145
829|McArtan, Bethanne|bmcartank8@wikimedia.org|171.165.190.222
837|Clucas, Channa|cclucaskg@sfgate.com|63.95.62.177
841|Moar, Jermain|jmoarkk@usda.gov|253.146.174.166
843|Gonzalo, Casi|cgonzalokm@theatlantic.com|96.78.246.163
845|Brettell, Colly|cbrettellko@foxnews.com|123.101.170.180
851|Wilmington, Ladonna|lwilmingtonku@istockphoto.com|142.88.107.121
853|Tripony, Celestina|ctriponykw@cocolog-nifty.com|126.65.129.185
857|Walentynowicz, Paule|pwalentynowiczl0@nyu.edu|64.184.104.115
859|Hummerston, Raychel|rhummerstonl2@google.ca|73.255.19.210
861|Mellmoth, Lotte|lmellmothl4@seesaa.net|28.115.161.7
873|Bartusek, Devon|dbartuseklg@nbcnews.com|217.44.78.245
875|Farrance, Averil|afarranceli@feedburner.com|147.119.35.211
877|Haxell, Philly|phaxelllk@comsenz.com|122.31.60.45
879|Dopson, Nathalie|ndopsonlm@wunderground.com|251.243.126.195
881|Acey, Hermia|haceylo@ibm.com|8.52.216.210
887|Goddman, Rozanne|rgoddmanlu@wikimedia.org|53.128.3.202
889|Kedie, Consuelo|ckedielw@nasa.gov|224.232.129.33
891|Parren, Hortense|hparrenly@is.gd|107.203.179.138
893|Kuhndel, Whitney|wkuhndelm0@altervista.org|185.188.10.109
895|Castanaga, Pauletta|pcastanagam2@bravesites.com|158.8.42.132
901|Butts, Claudine|cbuttsm8@independent.co.uk|51.73.225.57
913|Grigorini, Emerson|egrigorinimk@chicagotribune.com|219.234.231.133
915|Roslen, Margi|mroslenmm@nba.com|201.47.193.94
917|Paynton, Sharl|spayntonmo@t.co|225.242.27.213
921|Pennetta, Damaris|dpennettams@reverbnation.com|17.111.120.156
923|Bortoli, Philipa|pbortolimu@senate.gov|246.31.84.169
925|Bukowski, Elmira|ebukowskimw@berkeley.edu|46.126.120.74
927|Joynes, Lindsey|ljoynesmy@ucsd.edu|61.147.173.184
929|Gallant, Nike|ngallantn0@stumbleupon.com|239.146.240.204
931|Sobey, Doralynne|dsobeyn2@typepad.com|86.179.67.151
933|Pawfoot, Emilia|epawfootn4@mtv.com|191.59.198.224
935|Tribe, Caresa|ctriben6@cyberchimps.com|76.200.51.120
941|Gwinnett, Glennis|ggwinnettnc@senate.gov|184.6.27.240
943|Daveran, Carlynne|cdaveranne@cafepress.com|209.215.30.105
945|Iacoviello, Tracee|tiacoviellong@google.com.br|183.222.160.15
947|Duffitt, Amargo|aduffittni@cpanel.net|45.171.44.176
949|Mogie, Velma|vmogienk@techcrunch.com|105.127.12.138
961|MacCulloch, Myriam|mmaccullochnw@squarespace.com|28.168.131.249
963|Reuther, Renee|rreutherny@oaic.gov.au|177.234.34.217
965|Gooda, Kandace|kgoodao0@google.nl|239.215.75.197
971|Brothwood, Oswell|obrothwoodo6@exblog.jp|26.95.162.13
973|Leverentz, Meredithe|mleverentzo8@omniture.com|95.178.11.36
981|Connock, Robinett|rconnockog@illinois.edu|171.195.133.129
983|Fussen, Ophelia|ofussenoi@squarespace.com|194.114.84.224
987|Scranedge, Vanessa|vscranedgeom@ycombinator.com|225.83.29.15
989|Duberry, Allsun|aduberryoo@over-blog.com|49.126.177.6
993|Powderham, Iorgo|ipowderhamos@huffingtonpost.com|250.184.109.8
995|Hardwin, Tove|thardwinou@uiuc.edu|179.156.245.42
999|Currall, Kristi|kcurralloy@friendfeed.com|195.1.60.182
1003|Askell, Caryl|caskell2@patch.com|57.240.23.178
1005|Hryncewicz, Amalle|ahryncewicz4@arizona.edu|32.202.71.177
1011|Poskitt, Eloise|eposkitta@yahoo.co.jp|224.66.214.205
1013|Chantillon, Eleonora|echantillonc@example.com|136.30.36.151
1023|Schulke, Willie|wschulkem@dion.ne.jp|226.28.65.106
1027|Burgwin, Philipa|pburgwinq@sciencedaily.com|184.73.243.100
1031|Lehrmann, Sabrina|slehrmannu@skyrock.com|207.182.109.127
1033|Grinham, Corabelle|cgrinhamw@cisco.com|253.151.18.234
1035|Laycock, Lenora|llaycocky@tinypic.com|177.153.184.54
1037|Carriage, Beverlie|bcarriage10@skyrock.com|231.74.219.38
1039|Netley, Carmine|cnetley12@g.co|241.149.240.253
1041|Battabee, Glenna|gbattabee14@themeforest.net|37.159.72.130
1043|Kenealy, Heddie|hkenealy16@washingtonpost.com|201.121.238.102
1045|Clerke, Annalee|aclerke18@tamu.edu|37.183.207.93
1047|Birth, Justinn|jbirth1a@guardian.co.uk|199.56.104.214
1049|Gotch, Sax|sgotch1c@netscape.com|21.37.206.134
1057|Riccione, Donnie|driccione1k@nbcnews.com|15.226.208.49
1061|Duxbarry, Binni|bduxbarry1o@wunderground.com|13.94.191.156
1071|Chatwood, Noell|nchatwood1y@xing.com|93.113.47.127
1075|Rawling, Sybille|srawling22@ycombinator.com|90.169.201.163
1077|Simcox, Milicent|msimcox24@wiley.com|213.111.59.31
1079|Mullin, Marita|mmullin26@dmoz.org|43.12.60.250
1081|Cesconi, Ashlee|acesconi28@blogspot.com|79.11.71.175
1083|Danniel, Klara|kdanniel2a@intel.com|11.86.52.108
1085|Tommei, Margeaux|mtommei2c@1688.com|3.220.111.254
1089|Downing, Tilda|tdowning2g@lulu.com|227.61.115.208
1101|Casper, Elwira|ecasper2s@unc.edu|55.69.116.238
1103|Noddles, Jesse|jnoddles2u@msu.edu|65.227.95.179
1105|Staniforth, Janel|jstaniforth2w@bigcartel.com|197.62.210.47
1107|Clemoes, Dulciana|dclemoes2y@weibo.com|211.53.120.204
1109|O'Dyvoy, Giulia|godyvoy30@ucla.edu|17.165.104.189
1113|Tolomei, Florella|ftolomei34@homestead.com|29.233.237.127
1115|Jelks, Leanora|ljelks36@furl.net|19.138.13.3
1119|Ferriman, Coraline|cferriman3a@howstuffworks.com|98.166.74.101
1121|Fagg, Corena|cfagg3c@fema.gov|136.227.147.176
1123|Bradd, Brett|bbradd3e@microsoft.com|68.50.103.214
1125|Charman, Gaynor|gcharman3g@soup.io|65.201.105.200
1129|Charnock, Prissie|pcharnock3k@nationalgeographic.com|242.45.243.207
1131|Mighele, Jacquie|jmighele3m@multiply.com|73.254.184.87
1139|Antonik, Bree|bantonik3u@globo.com|2.175.225.85
1143|Trythall, Melinda|mtrythall3y@go.com|154.8.116.118
1147|O'Gorman, Carmela|cogorman42@sciencedaily.com|38.139.23.184
1149|Armsden, Harmonia|harmsden44@mysql.com|67.115.178.233
1151|Hedin, Meridith|mhedin46@gov.uk|121.251.91.105
1153|Trodler, Aubry|atrodler48@php.net|47.128.63.161
1163|Crollman, Emilie|ecrollman4i@latimes.com|63.190.135.254
1165|Kloisner, Mandy|mkloisner4k@columbia.edu|169.94.244.121
1167|Chesser, Luisa|lchesser4m@yelp.com|188.176.81.197
1173|Orteau, Crissie|corteau4s@macromedia.com|194.51.207.43
1177|Fagg, Eddie|efagg4w@google.nl|128.126.196.67
1181|Standley, Lydia|lstandley50@wsj.com|134.204.75.219
1183|Itskovitz, Kessiah|kitskovitz52@intel.com|208.206.44.1
1185|Pinke, Florida|fpinke54@wordpress.com|223.251.121.136
1193|Reeks, Rollie|rreeks5c@usnews.com|87.78.91.211
1199|Perrins, Cass|cperrins5i@mysql.com|250.96.12.227
1201|Pavy, Darlene|dpavy5k@guardian.co.uk|42.209.216.110
1205|Fakeley, Nikkie|nfakeley5o@discovery.com|87.190.74.31
1207|Steddall, Brianne|bsteddall5q@elegantthemes.com|162.161.242.190
1209|Newbatt, Brinna|bnewbatt5s@imageshack.us|194.224.231.245
1213|Studman, Hannie|hstudman5w@netlog.com|243.198.4.65
1215|Evenden, Orrin|oevenden5y@hao123.com|74.57.189.155
1217|Meaddowcroft, Tammy|tmeaddowcroft60@plala.or.jp|62.143.25.161
1219|Bentson, Max|mbentson62@census.gov|66.208.116.166
1221|Fotheringham, Sherwin|sfotheringham64@dmoz.org|241.60.82.138
1225|Elwood, Electra|eelwood68@msn.com|198.237.207.117
1227|Aronson, Rica|raronson6a@sakura.ne.jp|255.203.94.183
1233|Stucke, Gavra|gstucke6g@facebook.com|33.196.157.203
1235|Sertin, Nannie|nsertin6i@amazon.de|122.91.21.222
1245|Judkins, Papagena|pjudkins6s@histats.com|38.130.99.113
1247|Bidwell, Murial|mbidwell6u@lycos.com|185.204.124.98
1251|Keast, Gussi|gkeast6y@fastcompany.com|130.24.35.120
1253|Gracewood, Curt|cgracewood70@java.com|247.45.100.18
1257|Platfoot, Brandise|bplatfoot74@hubpages.com|112.252.189.66
1259|Benardeau, Abbye|abenardeau76@statcounter.com|181.102.130.35
1267|Pencot, Elicia|epencot7e@umich.edu|210.87.247.207
1271|Hillyatt, Debor|dhillyatt7i@vistaprint.com|54.62.243.106
1275|Elcombe, Daisie|delcombe7m@yellowbook.com|176.214.64.47
1279|Matt, Neda|nmatt7q@engadget.com|103.234.29.46
1285|Coley, Lilith|lcoley7w@umn.edu|122.56.99.114
1293|Rudall, Robinet|rrudall84@ucsd.edu|133.127.91.223
1297|Rangle, Nicola|nrangle88@chicagotribune.com|178.98.177.213
1299|Caisley, Nanette|ncaisley8a@ifeng.com|127.109.137.121
1301|Garric, Ardath|agarric8c@qq.com|79.195.253.46
1303|Murdoch, Markos|mmurdoch8e@feedburner.com|50.150.74.7
1305|Losbie, Farrand|flosbie8g@slideshare.net|26.201.211.193
1311|Fitzsymonds, Berthe|bfitzsymonds8m@sciencedirect.com|15.130.185.93
1315|Cudde, Nonah|ncudde8q@smh.com.au|213.114.243.250
1317|MacCracken, Laurie|lmaccracken8s@illinois.edu|231.135.136.59
1319|Drake, Ettore|edrake8u@netvibes.com|22.153.180.209
1321|Rosekilly, Crystie|crosekilly8w@photobucket.com|58.156.197.223
1325|Gymlett, Daffie|dgymlett90@sbwire.com|230.21.150.6
1327|Chittleburgh, Jannelle|jchittleburgh92@reddit.com|136.78.44.232
1329|Pullar, Lulu|lpullar94@homestead.com|15.110.68.129
1333|Baudone, Johnette|jbaudone98@apple.com|81.202.165.192
1335|Bartley, Sibylle|sbartley9a@google.de|3.99.234.216
1337|Gillbey, Leroy|lgillbey9c@amazon.com|22.137.168.16
1339|Andreone, Jacquette|jandreone9e@mac.com|225.28.108.86
1343|Bradnam, Beckie|bbradnam9i@prlog.org|225.199.28.197
1347|Betonia, Danice|dbetonia9m@delicious.com|210.81.10.196
1349|Balazs, Corabelle|cbalazs9o@nba.com|106.44.105.19
1351|Greenroyd, Ramonda|rgreenroyd9q@unc.edu|217.119.165.28
1353|Girardey, Anatola|agirardey9s@europa.eu|222.227.81.98
1359|Matthias, Constantia|cmatthias9y@state.tx.us|109.169.146.91
1363|Slavin, Pamela|pslavina2@jimdo.com|170.78.164.255
1365|Goldsbrough, Raquela|rgoldsbrougha4@ihg.com|199.253.41.231
1369|Hayball, Babb|bhayballa8@latimes.com|128.79.245.3
1371|McGlaughn, Susie|smcglaughnaa@netvibes.com|116.63.51.63
1373|McDermott, Marcie|mmcdermottac@sciencedaily.com|146.25.251.69
1379|Dundon, Berna|bdundonai@usnews.com|188.194.233.171
1383|Cough, Salaidh|scougham@unc.edu|224.143.176.122
1385|Pisco, Celene|cpiscoao@accuweather.com|141.102.117.224
1387|Ritson, Rianon|rritsonaq@eepurl.com|73.143.13.235
1393|Lyard, Hermine|hlyardaw@spotify.com|246.213.19.217
1395|Leeke, Augusta|aleekeay@wiley.com|30.120.241.192
1403|Gray, Dreddy|dgrayb6@hhs.gov|207.151.45.255
1405|Castri, Dorelia|dcastrib8@cbc.ca|25.197.97.187
1407|Riccardini, Ariel|ariccardiniba@creativecommons.org|158.55.203.242
1409|Schonfelder, Ondrea|oschonfelderbc@ucsd.edu|224.177.111.102
1415|Gunstone, Alene|agunstonebi@usnews.com|70.172.79.250
1417|Johnsson, Gorden|gjohnssonbk@npr.org|73.232.69.221
1419|Greensall, Leonore|lgreensallbm@smugmug.com|151.39.193.145
1421|Coatsworth, Isabella|icoatsworthbo@ask.com|174.3.85.134
1423|Bernardos, Lotty|lbernardosbq@harvard.edu|150.203.162.21
1425|McCloughen, Farlay|fmccloughenbs@is.gd|112.152.30.189
1433|Davidovici, Pia|pdavidovicic0@eepurl.com|160.53.143.225
1435|Peert, Barnie|bpeertc2@wix.com|240.144.156.245
1437|Argo, Pammie|pargoc4@merriam-webster.com|54.64.130.46
1445|Headrick, Gizela|gheadrickcc@ucoz.com|11.138.106.86
1453|Griffoen, Corri|cgriffoenck@merriam-webster.com|39.66.162.21
1461|Styles, Hana|hstylescs@phoca.cz|45.213.222.94
1465|Tuiller, De witt|dtuillercw@cnet.com|164.213.48.138
1469|Andrzejowski, Gabriella|gandrzejowskid0@webs.com|117.219.47.37
1471|Edlyn, Brunhilda|bedlynd2@alexa.com|19.208.77.121
1473|Wardell, Ondrea|owardelld4@cargocollective.com|100.88.137.76
1479|Castello, Tawnya|tcastelloda@spiegel.de|101.144.37.135
1485|Tysack, Ada|atysackdg@princeton.edu|68.217.32.246
1487|Seggie, Gipsy|gseggiedi@wp.com|181.30.86.229
1489|Viner, Corly|cvinerdk@usatoday.com|191.177.223.15
1495|Skentelbery, Lida|lskentelberydq@1688.com|226.39.56.78
1497|Henstone, Calley|chenstoneds@google.co.jp|238.106.7.193
1499|Greally, Donny|dgreallydu@surveymonkey.com|247.225.147.226
1501|Lafrentz, Rochella|rlafrentzdw@google.com.au|120.210.138.40
1503|Pickle, Linnie|lpickledy@netvibes.com|161.215.119.96
1505|Orbine, Agneta|aorbinee0@ucoz.ru|153.166.124.64
1507|Darbey, Hannie|hdarbeye2@europa.eu|58.37.13.84
1509|Hudspith, Berti|bhudspithe4@sogou.com|54.213.123.207
1513|Kenealy, Crissie|ckenealye8@blinklist.com|216.216.218.208
1517|Heiton, Lisbeth|lheitonec@creativecommons.org|220.12.53.107
1519|Monkton, Letisha|lmonktonee@google.co.jp|89.142.114.68
1521|Langtree, Wilhelmine|wlangtreeeg@indiegogo.com|152.128.61.193
1525|Masding, Ninnette|nmasdingek@360.cn|12.33.54.95
1529|Meysham, Fan|fmeyshameo@so-net.ne.jp|157.212.255.54
1533|Bastistini, Justina|jbastistinies@illinois.edu|111.220.212.219
1535|Giacomazzo, Deena|dgiacomazzoeu@posterous.com|191.16.56.73
1543|Ashbolt, Elladine|eashboltf2@oracle.com|188.72.37.9
1547|Headingham, Sharline|sheadinghamf6@paypal.com|141.42.247.78
1549|Physick, Ranique|rphysickf8@economist.com|205.243.177.63
1563|Laviste, Marj|mlavistefm@ameblo.jp|93.161.190.158
1567|Kyllford, Lilia|lkyllfordfq@google.fr|18.239.120.201
1569|Fredy, Vita|vfredyfs@soundcloud.com|33.71.157.5
1575|Wearing, Gertrudis|gwearingfy@bizjournals.com|94.252.190.85
1579|Varvell, Kally|kvarvellg2@feedburner.com|216.25.157.55
1585|De Carteret, Shelba|sdecarteretg8@newsvine.com|30.255.235.236
1589|MacNeilley, Alexandrina|amacneilleygc@blog.com|22.135.203.100
1591|Walsh, Claudine|cwalshge@blogspot.com|244.116.178.199
1599|Vassie, Bernadina|bvassiegm@skype.com|205.8.202.241
1605|Wincer, Gayla|gwincergs@accuweather.com|123.15.208.73
1611|Bruckenthal, Catherina|cbruckenthalgy@google.nl|171.57.206.241
1613|Stutt, Alethea|astutth0@netlog.com|12.206.93.46
1621|Corbett, Chad|ccorbetth8@digg.com|138.25.132.18
1623|Ricciardo, Luelle|lricciardoha@goo.ne.jp|169.99.247.242
1629|Staveley, Caroljean|cstaveleyhg@bloglines.com|144.6.238.24
1635|Purviss, Agna|apurvisshm@craigslist.org|52.212.9.222
1639|Menure, Lexis|lmenurehq@dedecms.com|209.34.23.51
1641|Shevell, Irene|ishevellhs@netlog.com|170.60.58.49
1645|Stearne, Sibylle|sstearnehw@purevolume.com|68.245.23.220
1651|Kiehl, Tildy|tkiehli2@barnesandnoble.com|13.234.33.220
1655|Louys, Antonetta|alouysi6@marketwatch.com|235.112.217.76
1665|Kersey, Darya|dkerseyig@facebook.com|220.247.107.1
1667|Sutterfield, Corrina|csutterfieldii@blinklist.com|225.107.20.56
1669|Tully, Seline|stullyik@zdnet.com|8.183.235.219
1677|Machen, Myrlene|mmachenis@e-recht24.de|198.28.231.26
1679|Barstowk, Cherie|cbarstowkiu@mail.ru|238.72.129.115
1685|Leitche, Lucille|lleitchej0@istockphoto.com|91.253.61.222
1687|Cridland, Cammy|ccridlandj2@army.mil|88.195.54.2
1689|Micco, Easter|emiccoj4@hubpages.com|116.133.107.91
1695|O'Hara, Dulcy|doharaja@wisc.edu|182.193.2.170
1697|Brockest, Christi|cbrockestjc@accuweather.com|164.43.83.78
1699|Lemon, Saloma|slemonje@flavors.me|183.150.142.88
1701|Benettini, Dorry|dbenettinijg@pen.io|37.140.186.235
1703|Gainfort, Joya|jgainfortji@virginia.edu|121.63.229.120
1705|Targett, Madelin|mtargettjk@ehow.com|227.228.250.242
1709|Patriche, Jacquenetta|jpatrichejo@wikimedia.org|141.225.191.28
1713|Beeston, Harriott|hbeestonjs@foxnews.com|132.32.91.34
1719|Creasey, Carine|ccreaseyjy@usgs.gov|47.22.204.193
1723|Seville, Tobe|tsevillek2@opera.com|3.9.19.208
1731|Stinson, Melony|mstinsonka@sina.com.cn|226.124.227.173
1733|Dot, Antonie|adotkc@i2i.jp|41.244.125.115
1737|Bygate, Salvidor|sbygatekg@mit.edu|46.124.85.234
1739|Beetles, Ted|tbeetleski@biblegateway.com|32.79.96.26
1741|Iveagh, Delly|diveaghkk@yahoo.co.jp|14.250.96.130
1745|Moloney, Dulcia|dmoloneyko@nba.com|65.221.46.111
1747|Kolyagin, Wilone|wkolyaginkq@ehow.com|13.81.149.125
1753|Issacoff, Lenna|lissacoffkw@behance.net|217.214.192.253
1757|Maydwell, Timoteo|tmaydwelll0@wisc.edu|231.240.116.166
1765|Hillhouse, Theresina|thillhousel8@facebook.com|95.122.194.97
1767|Lange, Marion|mlangela@gizmodo.com|98.158.232.0
1771|Bartkiewicz, Pier|pbartkiewiczle@time.com|235.142.248.184
1773|Tipping, Fawne|ftippinglg@statcounter.com|17.205.229.137
1775|Cockrell, Bobine|bcockrellli@nba.com|211.196.206.154
1777|Sango, Brigham|bsangolk@sphinn.com|47.244.197.254
1779|Pottell, Aggie|apottelllm@google.co.jp|23.160.88.192
1781|Stacy, Timmie|tstacylo@telegraph.co.uk|255.84.163.189
1783|Deer, Josefina|jdeerlq@ow.ly|23.76.87.216
1785|Baudins, Damara|dbaudinsls@fc2.com|92.140.60.250
1791|Tindley, Robby|rtindleyly@youtube.com|255.248.234.69
1795|Cann, Enos|ecannm2@youtube.com|197.101.197.121
1797|Topley, Verla|vtopleym4@goo.gl|14.79.235.109
1803|Keers, Rhea|rkeersma@arizona.edu|243.202.38.102
1809|Northwood, Twila|tnorthwoodmg@jugem.jp|149.57.90.246
1813|Chipps, Michaeline|mchippsmk@unicef.org|87.3.88.62
1817|Caldron, Carolynn|ccaldronmo@123-reg.co.uk|166.80.113.20
1819|Driffill, Isabel|idriffillmq@over-blog.com|161.191.110.134
1823|Alcorn, Kore|kalcornmu@pbs.org|157.50.55.147
1825|Atger, Verina|vatgermw@elegantthemes.com|143.112.53.92
1827|Bayns, Clio|cbaynsmy@photobucket.com|223.187.187.203
1829|Barajaz, Fey|fbarajazn0@msu.edu|70.108.25.34
1831|Tran, Olympe|otrann2@about.me|142.220.76.254
1837|Bricksey, Maiga|mbrickseyn8@cmu.edu|227.63.204.137
1839|Griffoen, Timi|tgriffoenna@google.fr|115.124.228.202
1845|Verbrugge, Kris|kverbruggeng@cyberchimps.com|123.127.186.75
1847|Trass, Retha|rtrassni@google.com.au|197.103.116.77
1851|Kennea, Bonnee|bkenneanm@last.fm|15.220.140.89
1853|Sarfatti, Marybelle|msarfattino@marriott.com|137.23.63.114
1857|Breed, Candida|cbreedns@xrea.com|113.103.240.82
1863|Gostling, Kial|kgostlingny@123-reg.co.uk|51.25.80.213
1869|Campbell-Dunlop, Erna|ecampbelldunlopo4@last.fm|21.122.55.163
1871|Chifney, Joni|jchifneyo6@cbc.ca|145.102.175.20
1873|Nissle, Samara|snissleo8@topsy.com|106.24.90.115
1875|Snufflebottom, Pepi|psnufflebottomoa@squidoo.com|231.150.178.40
1879|Skoyles, Ian|iskoylesoe@imageshack.us|192.75.218.130
1881|Coots, Valma|vcootsog@wired.com|135.174.146.201
1885|Craigg, Anica|acraiggok@webnode.com|135.21.188.74
1887|Fenby, Ulrica|ufenbyom@nsw.gov.au|91.97.1.246
1889|Cherm, Davita|dchermoo@toplist.cz|25.57.222.212
1891|Redon, Marjy|mredonoq@chron.com|227.21.108.58
1893|Elphey, Joelle|jelpheyos@artisteer.com|48.128.145.8
1895|Wasteney, Datha|dwasteneyou@dot.gov|70.236.232.102
1899|Klimsch, Maurizia|mklimschoy@youtu.be|247.188.201.13
1903|Roon, Amelia|aroonp2@aol.com|102.5.92.16
1905|Eversley, Mellisent|meversleyp4@fda.gov|100.170.130.144
1909|Habercham, Coretta|chaberchamp8@dot.gov|64.116.187.239
1911|Benjefield, Vida|vbenjefieldpa@shutterfly.com|101.146.71.60
1913|Dranfield, Zabrina|zdranfieldpc@ox.ac.uk|254.14.53.221
1919|Frosdick, Donna|dfrosdickpi@boston.com|188.168.225.102
1921|Cooper, Merrilee|mcooperpk@desdev.cn|181.254.167.159
1931|Bellord, Lebbie|lbellordpu@state.gov|27.197.141.168
1935|Carncross, Babette|bcarncrosspy@hud.gov|148.227.157.143
1939|Bennington, Lorinda|lbenningtonq2@tuttocitta.it|120.161.252.22
1945|Mantione, Jenn|jmantioneq8@ucoz.ru|218.25.21.136
1947|Skeates, Gertrude|gskeatesqa@senate.gov|69.76.176.27
1957|Foskett, Flinn|ffoskettqk@shinystat.com|95.162.75.70
1959|McWilliams, Sioux|smcwilliamsqm@bravesites.com|103.71.206.199
1965|Kinastan, Alfy|akinastanqs@chicagotribune.com|120.131.126.90
1967|Neesham, Hally|hneeshamqu@theglobeandmail.com|152.240.85.1
1969|Sidlow, Lynea|lsidlowqw@mtv.com|49.153.229.114
1975|Cumine, Adriaens|acuminer2@apple.com|92.30.41.124
1977|Jopp, Becky|bjoppr4@census.gov|109.227.254.205
1983|Halifax, Janet|jhalifaxra@a8.net|72.251.106.104
1987|Bonnick, Andriana|abonnickre@istockphoto.com|191.114.94.167
1991|Elmhirst, Ellie|eelmhirstri@noaa.gov|5.245.59.51
1993|Bradbury, Alfy|abradburyrk@auda.org.au|210.128.154.50
1997|Rojahn, Tarra|trojahnro@seesaa.net|226.16.158.35
2001|McIlreavy, Lexine|lmcilreavy0@ucoz.com|201.136.120.238
2003|Booker, Vida|vbooker2@phpbb.com|182.186.6.194
2005|Balston, Leonanie|lbalston4@edublogs.org|253.167.240.95
2007|Drayn, Marys|mdrayn6@yahoo.co.jp|23.22.179.99
2011|Likly, Fayre|fliklya@marriott.com|19.18.116.105
2015|Danilewicz, Mei|mdanilewicze@vkontakte.ru|98.39.124.239
2017|Riste, Marget|mristeg@ca.gov|209.164.114.140
2019|Copin, Henrietta|hcopini@irs.gov|130.118.218.18
2023|Paintain, Colline|cpaintainm@last.fm|82.243.154.77
2031|Edsell, Bjorn|bedsellu@a8.net|159.46.42.180
2039|Pirkis, William|wpirkis12@mapquest.com|203.189.249.177
2041|Gell, Sam|sgell14@fc2.com|147.37.203.168
2043|Chad, Abagail|achad16@jigsy.com|6.8.17.201
2055|Gritten, Beckie|bgritten1i@washingtonpost.com|107.206.152.86
2059|Capell, Mareah|mcapell1m@gov.uk|8.110.172.40
2063|Gobat, Dionis|dgobat1q@google.de|67.61.143.61
2069|Munby, Shalne|smunby1w@amazon.co.uk|165.99.197.83
2071|Gartside, Gina|ggartside1y@smh.com.au|148.241.18.223
2073|Cino, Lauren|lcino20@amazonaws.com|37.62.19.187
2077|Skews, Roxana|rskews24@tinypic.com|227.95.32.165
2079|Benkin, Tiffi|tbenkin26@bandcamp.com|31.44.110.94
2083|Stilgoe, Kip|kstilgoe2a@wunderground.com|120.55.18.88
2085|MacRedmond, Josefina|jmacredmond2c@lulu.com|146.145.225.28
2087|Goodayle, Legra|lgoodayle2e@google.fr|227.131.199.171
2089|Enns, Jacqueline|jenns2g@google.com.hk|98.43.101.177
2091|Lansly, Carolan|clansly2i@moonfruit.com|222.66.43.117
2093|Dowyer, Margaretta|mdowyer2k@cpanel.net|188.155.88.206
2107|Gallagher, Tessi|tgallagher2y@flavors.me|99.123.218.97
2109|Breedy, Roseanna|rbreedy30@de.vu|8.132.177.108
2115|Caro, Merilyn|mcaro36@github.io|143.11.64.201
2117|Tue, Kayne|ktue38@netscape.com|17.230.140.26
2123|Reddyhoff, Mariele|mreddyhoff3e@studiopress.com|175.163.73.189
2129|Cumine, Lynn|lcumine3k@google.ru|143.197.157.204
2131|Tresvina, Thea|ttresvina3m@spotify.com|236.217.247.164
2135|Castro, Elisa|ecastro3q@bigcartel.com|150.0.111.152
2141|Newborn, Jodee|jnewborn3w@ucoz.com|66.112.109.166
2145|Goulden, Deanne|dgoulden40@feedburner.com|222.103.155.142
2149|Chafney, Karissa|kchafney44@123-reg.co.uk|109.208.100.201
2153|Anthoney, Arlinda|aanthoney48@baidu.com|175.180.163.116
2157|Robet, Rycca|rrobet4c@devhub.com|249.160.207.75
2159|Bunford, Dasha|dbunford4e@indiegogo.com|122.190.79.135
2161|Tomasutti, Kessia|ktomasutti4g@ocn.ne.jp|164.77.0.225
2163|Dobinson, Sabrina|sdobinson4i@harvard.edu|94.125.102.249
2165|Hales, Kore|khales4k@sogou.com|125.168.150.53
2171|Peck, Jennilee|jpeck4q@homestead.com|92.26.95.233
2173|Redholes, Sandor|sredholes4s@boston.com|243.135.15.113
2175|Knapman, Joane|jknapman4u@biblegateway.com|121.191.78.105
2177|Aartsen, Cordelie|caartsen4w@ask.com|74.87.197.191
2179|Turland, Roseanna|rturland4y@blog.com|36.255.115.31
2185|Riba, Lauraine|lriba54@smugmug.com|187.26.236.146
2187|Gunda, Lynn|lgunda56@wikipedia.org|33.83.149.87
2189|Drew-Clifton, Arlyne|adrewclifton58@wikia.com|204.109.200.50
2191|Van Dale, Colline|cvandale5a@rakuten.co.jp|60.53.182.190
2195|Wimlet, Ermentrude|ewimlet5e@yellowbook.com|168.85.32.112
2201|Goodread, Lelah|lgoodread5k@yolasite.com|170.91.225.43
2205|Laurisch, Liane|llaurisch5o@accuweather.com|253.170.82.136
2209|Brixey, Marthena|mbrixey5s@kickstarter.com|84.67.150.199
2211|Klasing, Tobe|tklasing5u@wiley.com|203.72.59.115
2217|Jachimczak, Gabriell|gjachimczak60@prweb.com|159.200.104.12
2219|Tribe, Toby|ttribe62@hibu.com|54.34.108.80
2221|Doole, Ddene|ddoole64@opera.com|34.214.8.218
2223|McCaskell, Yoshi|ymccaskell66@geocities.jp|104.59.226.0
2225|Surplice, Lucinda|lsurplice68@wiley.com|130.241.150.42
2231|Gerding, Beverlie|bgerding6e@homestead.com|211.237.225.60
2235|Legg, Ilene|ilegg6i@networksolutions.com|163.237.228.187
2243|Calliss, Nancey|ncalliss6q@washington.edu|193.151.81.119
2247|Curthoys, Amandie|acurthoys6u@aol.com|240.160.104.184
2249|Ninotti, Tessie|tninotti6w@narod.ru|251.60.41.218
2253|Stubbes, Rasla|rstubbes70@time.com|223.61.103.71
2255|Burgher, Julieta|jburgher72@forbes.com|162.15.181.125
2257|Samter, Clo|csamter74@mozilla.org|118.17.185.63
2261|Jago, Korney|kjago78@t.co|205.115.48.147
2263|O'Crigane, Dahlia|docrigane7a@barnesandnoble.com|193.190.96.176
2265|Hurrion, Corny|churrion7c@hexun.com|30.77.61.207
2267|Boddie, Dore|dboddie7e@hubpages.com|186.221.131.9
2271|Ebbitt, Fern|febbitt7i@arstechnica.com|243.80.135.19
2275|Trowsdall, Bev|btrowsdall7m@slate.com|227.62.205.155
2279|Croydon, Billie|bcroydon7q@uiuc.edu|146.110.138.230
2283|Tetla, Shari|stetla7u@fc2.com|165.24.142.16
2287|Litherborough, Barbie|blitherborough7y@harvard.edu|174.169.110.189
2289|Quickfall, Margaret|mquickfall80@craigslist.org|221.35.43.158
2291|Redferne, Eldridge|eredferne82@biglobe.ne.jp|45.72.217.150
2293|Madoc-Jones, Kary|kmadocjones84@opera.com|81.135.112.236
2297|Kindleysides, Jeniece|jkindleysides88@reddit.com|142.240.216.114
2305|Renac, Elisabet|erenac8g@biblegateway.com|154.166.110.46
2307|Hendron, Glenna|ghendron8i@harvard.edu|94.160.175.202
2311|Pattie, Sherilyn|spattie8m@desdev.cn|151.80.61.226
2313|Dumberell, Ardelis|adumberell8o@mlb.com|18.236.69.181
2315|Semaine, Clarabelle|csemaine8q@va.gov|17.253.188.237
2321|Ludwell, Anne-corinne|aludwell8w@netvibes.com|249.139.15.141
2323|Eim, Ana|aeim8y@bigcartel.com|214.246.199.26
2325|Kimpton, Dorelle|dkimpton90@behance.net|214.54.198.23
2327|Vickress, Gram|gvickress92@tumblr.com|134.221.146.37
2331|Arpin, Chrysa|carpin96@digg.com|86.224.143.59
2333|Foystone, Orsola|ofoystone98@businessinsider.com|36.162.48.61
2337|Fairholme, Barbara-anne|bfairholme9c@geocities.jp|136.5.210.209
2339|Sotham, Camila|csotham9e@ameblo.jp|69.5.255.35
2341|Dunstan, Yasmin|ydunstan9g@123-reg.co.uk|207.7.40.4
2343|Vinden, Josee|jvinden9i@princeton.edu|3.102.165.187
2347|Corlett, Colette|ccorlett9m@msu.edu|202.18.130.80
2351|Hewell, Amil|ahewell9q@booking.com|187.168.175.61
2353|Bleier, Madalena|mbleier9s@dedecms.com|129.9.226.74
2355|Cestard, Kyrstin|kcestard9u@tiny.cc|198.53.182.121
2363|Everix, Deborah|deverixa2@slideshare.net|111.134.163.125
2367|Feek, Adolpho|afeeka6@parallels.com|203.138.65.128
2373|Osorio, Maryjo|mosorioac@ibm.com|41.89.10.206
2375|Abrahamsson, Gilemette|gabrahamssonae@blogs.com|199.128.166.166
2377|Sellick, Shannon|ssellickag@oaic.gov.au|141.245.204.129
2385|Rance, Rosemary|rranceao@marriott.com|41.0.225.11
2389|Lauks, Elysha|elauksas@sciencedirect.com|98.4.134.19
2391|Roser, Verina|vroserau@techcrunch.com|244.207.224.146
2397|Stanborough, Adria|astanboroughb0@histats.com|225.72.205.186
2401|Wheble, Rosalie|rwhebleb4@friendfeed.com|153.62.34.245
2403|Mougel, Xaviera|xmougelb6@t-online.de|66.189.164.224
2407|Kennefick, Titus|tkennefickba@stumbleupon.com|30.246.254.141
2409|Geldart, Aurlie|ageldartbc@forbes.com|95.171.204.85
2415|Broggelli, Yolanda|ybroggellibi@sakura.ne.jp|98.234.84.50
2417|Scheu, Rozelle|rscheubk@tinypic.com|186.61.1.119
2419|Sherwyn, Georgetta|gsherwynbm@bbc.co.uk|144.74.107.65
2421|Burds, Arden|aburdsbo@google.co.uk|250.210.0.19
2423|Lowmass, Didi|dlowmassbq@discuz.net|185.156.49.111
2425|Tambling, Anabel|atamblingbs@usatoday.com|198.126.51.92
2429|Noods, Edeline|enoodsbw@engadget.com|67.251.13.44
2435|Blampy, Sande|sblampyc2@ftc.gov|158.9.36.7
2437|Lahy, Rosemary|rlahyc4@economist.com|20.12.96.168
2441|Twelvetree, Freddi|ftwelvetreec8@indiatimes.com|111.252.54.175
2443|Hechlin, Stavros|shechlinca@godaddy.com|38.25.30.138
2449|Hegdonne, Giacinta|ghegdonnecg@google.ru|77.64.101.13
2453|McCart, Legra|lmccartck@dyndns.org|101.12.199.73
2461|White, Maddy|mwhitecs@aol.com|253.95.243.75
2463|Churchward, Mathilda|mchurchwardcu@yahoo.co.jp|63.189.45.167
2467|Caurah, Binny|bcaurahcy@reverbnation.com|93.75.139.48
2473|Picton, Alysa|apictond4@xing.com|50.124.248.211
2475|Garner, Leann|lgarnerd6@uiuc.edu|143.133.126.30
2481|Aucourte, Elfie|eaucourtedc@amazon.com|15.250.71.40
2489|Wandrey, Tanya|twandreydk@adobe.com|32.229.126.210
2495|Battson, Louisa|lbattsondq@bizjournals.com|252.0.67.35
2497|Redwood, Paige|predwoodds@fastcompany.com|254.191.226.41
2499|Bandt, Latisha|lbandtdu@wufoo.com|87.139.164.58
2501|Fortun, Happy|hfortundw@umich.edu|115.189.82.114
2503|Beadon, Abagael|abeadondy@senate.gov|7.109.33.154
2505|MacGowing, Alidia|amacgowinge0@ucoz.ru|26.133.97.82
2509|Pebworth, Dolly|dpebworthe4@delicious.com|113.107.196.51
2513|Pembery, Forbes|fpemberye8@answers.com|15.178.189.44
2515|Ide, Fredi|fideea@imdb.com|110.66.107.58
2517|Casier, Charita|ccasierec@lycos.com|102.175.8.8
2523|Bealing, Cordula|cbealingei@vinaora.com|12.153.38.92
2525|Dispencer, Allene|adispencerek@t-online.de|29.111.138.222
2529|Bortoletti, Adam|abortolettieo@slideshare.net|99.111.239.93
2531|Bartlett, Marilyn|mbartletteq@ow.ly|138.209.56.215
2533|Wardhaw, Darleen|dwardhawes@ibm.com|207.237.27.207
2535|Ruzek, Madalena|mruzekeu@moonfruit.com|232.148.55.204
2537|Raggett, Dorie|draggettew@freewebs.com|91.235.62.221
2539|Mioni, Ajay|amioniey@who.int|150.102.86.100
2543|MacDuff, Crin|cmacdufff2@cyberchimps.com|180.233.45.97
2545|Sucre, Turner|tsucref4@cbc.ca|234.196.197.19
2555|Bratty, Lissy|lbrattyfe@upenn.edu|24.184.200.104
2557|Remer, Willyt|wremerfg@foxnews.com|122.155.85.250
2559|Westfield, Alisa|awestfieldfi@godaddy.com|78.183.48.51
2563|Doxey, Meridel|mdoxeyfm@miibeian.gov.cn|139.159.34.71
2565|MacPharlain, Heda|hmacpharlainfo@dailymail.co.uk|179.79.13.12
2567|Deluze, Julieta|jdeluzefq@cyberchimps.com|126.47.201.204
2575|Duthy, Ilario|iduthyfy@wikipedia.org|22.124.155.54
2577|Billanie, Mariann|mbillanieg0@sciencedirect.com|225.125.129.182
2579|Dering, Madeline|mderingg2@phpbb.com|206.98.42.105
2581|Davison, Elyse|edavisong4@alibaba.com|140.69.128.168
2597|Miko, Ulrica|umikogk@epa.gov|40.228.79.34
2603|De Souza, Lettie|ldesouzagq@intel.com|82.133.106.201
2605|Teasey, Caritta|cteaseygs@npr.org|145.229.124.103
2613|Foxten, Linnie|lfoxtenh0@xinhuanet.com|120.133.66.167
2615|Monk, Etan|emonkh2@people.com.cn|20.50.10.68
2619|Napoleon, Daniella|dnapoleonh6@ycombinator.com|212.132.156.206
2621|Ranklin, Suzanna|sranklinh8@hp.com|200.157.122.80
2623|Cawte, Enriqueta|ecawteha@cloudflare.com|236.197.185.244
2629|Gallymore, Cassandra|cgallymorehg@themeforest.net|231.38.87.147
2631|Joannic, Jervis|jjoannichi@furl.net|90.194.44.234
2633|McGibbon, Keriann|kmcgibbonhk@zimbio.com|140.213.32.112
2639|MacDonald, Quintina|qmacdonaldhq@eventbrite.com|158.166.248.89
2641|Stucke, Aurlie|astuckehs@chron.com|57.103.77.57
2645|Klaes, Angelina|aklaeshw@angelfire.com|209.175.69.143
2647|L'oiseau, Filia|floiseauhy@imageshack.us|3.20.230.158
2649|Leibold, Tedi|tleiboldi0@hugedomains.com|119.58.80.48
2651|Pinch, Zea|zpinchi2@last.fm|150.222.219.175
2655|Owenson, Josy|jowensoni6@163.com|221.48.143.24
2659|Karpol, Robinet|rkarpolia@macromedia.com|208.84.121.84
2663|McAneny, Jackqueline|jmcanenyie@arizona.edu|55.69.152.148
2665|Veare, Ulrikaumeko|uveareig@earthlink.net|237.84.25.17
2667|Leeburn, Zonda|zleeburnii@weebly.com|83.15.84.17
2669|Collingwood, Claudelle|ccollingwoodik@reference.com|157.40.22.212
2671|Arrow, Cynde|carrowim@unesco.org|148.184.45.200
2675|Birtwistle, Thea|tbirtwistleiq@seesaa.net|200.202.216.132
2677|Shama, Allissa|ashamais@people.com.cn|57.75.18.56
2679|Vakhrushev, Cosetta|cvakhrusheviu@narod.ru|11.76.63.233
2681|Parfrey, Ermentrude|eparfreyiw@nps.gov|232.155.249.105
2683|Smallwood, Zitella|zsmallwoodiy@wired.com|154.74.180.211
2691|Kurt, Jacquenetta|jkurtj6@squidoo.com|19.171.244.187
2693|Logie, Lucia|llogiej8@e-recht24.de|248.125.93.180
2695|Raiston, Betsy|braistonja@omniture.com|81.46.164.198
2697|Henrych, Griselda|ghenrychjc@ow.ly|246.40.131.153
2703|Bowry, Blondelle|bbowryji@studiopress.com|112.153.103.156
2711|Breckwell, Baird|bbreckwelljq@home.pl|130.184.118.153
2713|Cocklie, Ariela|acockliejs@redcross.org|133.144.52.5
2715|Seedull, Honoria|hseedullju@sphinn.com|8.79.30.33
2719|Callendar, Peg|pcallendarjy@google.fr|232.183.225.36
2723|Biagioni, Wenona|wbiagionik2@jimdo.com|58.32.106.52
2725|todor, Grethel|gtodork4@virginia.edu|5.145.93.79
2731|Yakhin, Daryn|dyakhinka@mapy.cz|41.140.72.130
2737|Lidbetter, Marijo|mlidbetterkg@admin.ch|35.157.155.60
2739|Guare, Leesa|lguareki@paypal.com|150.129.132.75
2741|Louden, Vicky|vloudenkk@gravatar.com|46.114.91.104
2743|Danilowicz, Celesta|cdanilowiczkm@admin.ch|166.232.94.200
2745|Louw, Aurel|alouwko@shop-pro.jp|196.33.243.100
2747|Pellew, Melicent|mpellewkq@census.gov|117.243.138.192
2751|Messager, Mufi|mmessagerku@goo.gl|41.222.73.98
2755|Keats, Helyn|hkeatsky@cnn.com|56.217.21.129
2757|Lillywhite, Bellanca|blillywhitel0@ucsd.edu|29.191.128.91
2763|Probbing, Moyra|mprobbingl6@mail.ru|155.169.228.46
2773|Belfield, Theresina|tbelfieldlg@etsy.com|35.154.117.113
2775|Williscroft, Zahara|zwilliscroftli@wisc.edu|44.127.146.221
2777|Corneille, Garner|gcorneillelk@mashable.com|49.9.250.208
2779|Antonucci, Sharyl|santonuccilm@google.co.jp|3.112.176.208
2781|Babbage, Amelia|ababbagelo@msn.com|173.214.215.242
2787|Denisot, Charlene|cdenisotlu@livejournal.com|58.71.36.253
2789|Mowbury, Elysee|emowburylw@jalbum.net|59.220.158.24
2799|Kitchin, Paola|pkitchinm6@cam.ac.uk|89.44.190.243
2803|Clarycott, Carolan|cclarycottma@ifeng.com|225.155.14.34
2809|Hadgraft, Ellynn|ehadgraftmg@oakley.com|102.133.227.189
2811|Pyzer, Bordy|bpyzermi@lycos.com|144.132.139.196
2813|Maddock, Sybyl|smaddockmk@sun.com|70.187.224.229
2817|Snary, Onida|osnarymo@irs.gov|62.163.221.122
2821|Duddle, Lira|lduddlems@nydailynews.com|189.27.14.194
2829|Kingsnorth, Anselma|akingsnorthn0@flickr.com|162.76.219.224
2831|Cottisford, Blondy|bcottisfordn2@edublogs.org|25.212.61.204
2841|Kennett, Gilberta|gkennettnc@ifeng.com|72.183.228.154
2847|Scholer, Aggi|ascholerni@hibu.com|172.160.185.74
2849|Alstead, Bibby|balsteadnk@house.gov|106.38.32.35
2851|Elland, Hali|hellandnm@jigsy.com|255.122.126.101
2859|Huckle, Fiorenze|fhucklenu@noaa.gov|90.232.198.89
2873|Saph, Barbi|bsapho8@cisco.com|111.90.118.34
2877|Jedrych, Bernita|bjedrychoc@php.net|82.168.40.216
2879|Woolliams, Phaidra|pwoolliamsoe@jiathis.com|136.78.119.186
2889|O'Nolan, Sisely|sonolanoo@mit.edu|230.176.210.155
2891|Chewter, Kristy|kchewteroq@sogou.com|78.155.211.103
2893|Skeats, Carita|cskeatsos@lulu.com|126.169.1.86
2897|Dreakin, Bobette|bdreakinow@cdc.gov|11.255.252.229
2905|Adamczyk, Karoline|kadamczykp4@t.co|175.211.249.133
2907|Meckiff, Poppy|pmeckiffp6@istockphoto.com|74.176.236.160
2911|Ruston, Renata|rrustonpa@goodreads.com|34.122.57.135
2913|Flye, Aleen|aflyepc@biglobe.ne.jp|108.52.54.66
2915|Cater, Lenette|lcaterpe@lycos.com|105.65.167.166
2925|Chard, Bride|bchardpo@linkedin.com|53.172.154.13
2927|Brolechan, Poppy|pbrolechanpq@accuweather.com|123.222.34.161
2931|Blanche, Emlynn|eblanchepu@example.com|53.176.208.150
2933|MacCoughan, Gaye|gmaccoughanpw@twitter.com|252.160.145.144
2937|Lanceter, Godard|glanceterq0@ycombinator.com|98.113.217.178
2939|Jirzik, Nady|njirzikq2@wordpress.org|28.130.82.97
2947|Munt, Lissy|lmuntqa@netlog.com|109.15.207.213
2951|Callcott, Zeke|zcallcottqe@intel.com|55.176.240.250
2953|Tenniswood, Corina|ctenniswoodqg@dropbox.com|164.117.218.223
2955|Farguhar, Gayle|gfarguharqi@soundcloud.com|196.45.151.189
2963|Master, Morna|mmasterqq@npr.org|255.151.113.106
2965|Boyington, Anet|aboyingtonqs@cpanel.net|63.181.143.13
2967|Blesing, Allyce|ablesingqu@twitpic.com|213.74.220.83
2971|Bolter, Rosita|rbolterqy@ftc.gov|148.135.131.185
2973|Duncan, Maure|mduncanr0@abc.net.au|210.10.143.92
2977|Foskew, Wendeline|wfoskewr4@istockphoto.com|116.2.210.140
2981|Greader, Gladi|ggreaderr8@usgs.gov|214.37.109.33
2983|Sivills, Raye|rsivillsra@stanford.edu|120.213.88.234
2985|Doreward, Carry|cdorewardrc@cnbc.com|242.209.213.17
2989|Blasdale, Raina|rblasdalerg@hatena.ne.jp|218.182.53.43
2991|McMonies, Marylinda|mmcmoniesri@nydailynews.com|198.37.155.86
2997|Ambroise, Tim|tambroisero@technorati.com|27.230.62.154
