id,first_name,last_name,email,gender,ip_address
1001,Freeman,Tustin,ftustin0@msn.com,Male,192.30.240.206
1002,Lyndy,Raggett,lraggett1@oracle.com,Female,90.250.151.159
1003,Caryl,Askell,caskell2@patch.com,Female,57.240.23.178
1004,Annice,Mathieu,amathieu3@discuz.net,Female,127.182.105.159
1005,Amalle,Hryncewicz,ahryncewicz4@arizona.edu,Non-binary,32.202.71.177
1006,Betsey,Tettersell,btettersell5@dropbox.com,Agender,101.179.13.152
1007,Dilly,Peedell,dpeedell6@ning.com,Male,117.103.3.152
1008,Orella,Towey,otowey7@house.gov,Female,77.33.229.94
1009,Phil,Baynham,pbaynham8@w3.org,Male,111.137.201.163
1010,Staffard,Boatman,sboatman9@sohu.com,Male,92.136.157.120
1011,Eloise,Poskitt,eposkitta@yahoo.co.jp,Female,224.66.214.205
1012,Corinne,Ruckledge,cruckledgeb@hhs.gov,Female,101.133.6.17
1013,Eleonora,Chantillon,echantillonc@example.com,Female,136.30.36.151
1014,Carmon,Freed,cfreedd@hexun.com,Female,96.83.251.66
1015,Harp,Cockshott,hcockshotte@xinhuanet.com,Male,91.228.250.248
1016,Corabelle,Read,creadf@msn.com,Female,161.179.128.148
1017,Martino,Howard - Gater,mhowardgaterg@freewebs.com,Male,246.111.161.87
1018,Delcine,Rogier,drogierh@utexas.edu,Female,56.16.130.82
1019,Eben,Columbine,ecolumbinei@freewebs.com,Male,171.127.82.216
1020,Waylan,Stovold,wstovoldj@scientificamerican.com,Male,114.164.173.18
1021,Cece,Woodson,cwoodsonk@senate.gov,Male,150.8.124.239
1022,Xerxes,Harvie,xharviel@senate.gov,Male,108.75.173.196
1023,Willie,Schulke,wschulkem@dion.ne.jp,Female,226.28.65.106
1024,Steffane,Druery,sdrueryn@last.fm,Female,1.44.107.184
1025,Mauricio,Losbie,mlosbieo@umn.edu,Male,215.181.1.209
1026,Codie,Zorzini,czorzinip@walmart.com,Male,3.47.105.227
1027,Philipa,Burgwin,pburgwinq@sciencedaily.com,Female,184.73.243.100
1028,Karlan,Standidge,kstandidger@dot.gov,Male,132.243.253.238
1029,Ruddy,Fairweather,rfairweathers@cbsnews.com,Male,200.19.207.167
1030,Sandy,O'Rowane,sorowanet@naver.com,Female,254.181.10.62
1031,Sabrina,Lehrmann,slehrmannu@skyrock.com,Female,207.182.109.127
1032,Kendrick,Gillford,kgillfordv@zimbio.com,Male,56.101.189.209
1033,Corabelle,Grinham,cgrinhamw@cisco.com,Female,253.151.18.234
1034,Ariel,Cadwallader,acadwalladerx@cloudflare.com,Female,61.253.221.87
1035,Lenora,Laycock,llaycocky@tinypic.com,Female,177.153.184.54
1036,Barclay,Knotton,bknottonz@ow.ly,Male,106.30.26.164
1037,Beverlie,Carriage,bcarriage10@skyrock.com,Female,231.74.219.38
1038,Malcolm,Bampford,mbampford11@yellowbook.com,Male,162.206.136.97
1039,Carmine,Netley,cnetley12@g.co,Female,241.149.240.253
1040,Renault,D'Alwis,rdalwis13@odnoklassniki.ru,Male,165.53.179.14
1041,Glenna,Battabee,gbattabee14@themeforest.net,Female,37.159.72.130
1042,Erna,Dregan,edregan15@yelp.com,Non-binary,118.37.0.226
1043,Heddie,Kenealy,hkenealy16@washingtonpost.com,Female,201.121.238.102
1044,Lorie,Grayshon,lgrayshon17@apple.com,Female,84.249.235.220
1045,Annalee,Clerke,aclerke18@tamu.edu,Female,37.183.207.93
1046,Simmonds,Skoate,sskoate19@a8.net,Male,149.212.135.79
1047,Justinn,Birth,jbirth1a@guardian.co.uk,Female,199.56.104.214
1048,Tabina,Sleightholm,tsleightholm1b@prweb.com,Female,181.158.133.153
1049,Sax,Gotch,sgotch1c@netscape.com,Non-binary,21.37.206.134
1050,Langsdon,Pabelik,lpabelik1d@addtoany.com,Male,162.187.120.151
1051,Gris,Sives,gsives1e@ft.com,Male,234.146.217.164
1052,Garwin,Tomik,gtomik1f@intel.com,Male,153.98.58.16
1053,Joseph,Gransden,jgransden1g@nifty.com,Male,162.227.127.185
1054,Baudoin,Gregoraci,bgregoraci1h@wired.com,Male,113.47.60.47
1055,Valentine,Posselow,vposselow1i@biblegateway.com,Male,196.164.153.123
1056,Jody,Beakes,jbeakes1j@alibaba.com,Female,134.226.200.47
1057,Donnie,Riccione,driccione1k@nbcnews.com,Genderfluid,15.226.208.49
1058,Joelie,Cullimore,jcullimore1l@lulu.com,Female,47.30.84.216
1059,Knox,Lithcow,klithcow1m@jiathis.com,Male,58.254.226.26
1060,Freida,Baress,fbaress1n@booking.com,Female,32.59.46.52
1061,Binni,Duxbarry,bduxbarry1o@wunderground.com,Female,13.94.191.156
1062,Urbanus,Bordes,ubordes1p@webmd.com,Male,210.108.43.62
1063,Elliot,Condie,econdie1q@google.de,Male,248.193.87.170
1064,Fredrika,Demageard,fdemageard1r@t.co,Female,223.96.169.87
1065,Izaak,Orr,iorr1s@foxnews.com,Male,51.12.14.200
1066,Emory,Ivanyushin,eivanyushin1t@a8.net,Male,233.83.119.183
1067,Thor,Dewberry,tdewberry1u@storify.com,Male,159.32.38.81
1068,Angeli,Risborough,arisborough1v@vinaora.com,Genderqueer,189.74.188.203
1069,Emmett,Shreenan,eshreenan1w@smugmug.com,Male,126.95.151.47
1070,Camel,Ingliby,cingliby1x@parallels.com,Female,18.88.205.177
1071,Noell,Chatwood,nchatwood1y@xing.com,Female,93.113.47.127
1072,Tomaso,Seifenmacher,tseifenmacher1z@shutterfly.com,Male,142.59.177.23
1073,Holden,Vanne,hvanne20@eventbrite.com,Male,181.67.98.253
1074,Brandice,Jump,bjump21@cnbc.com,Female,65.72.241.181
1075,Sybille,Rawling,srawling22@ycombinator.com,Female,90.169.201.163
1076,Carina,Liddel,cliddel23@upenn.edu,Female,251.131.0.160
1077,Milicent,Simcox,msimcox24@wiley.com,Female,213.111.59.31
1078,Jud,Dorracott,jdorracott25@merriam-webster.com,Male,253.244.231.202
1079,Marita,Mullin,mmullin26@dmoz.org,Female,43.12.60.250
1080,Melamie,Pie,mpie27@wordpress.org,Female,190.5.86.228
1081,Ashlee,Cesconi,acesconi28@blogspot.com,Female,79.11.71.175
1082,Roxie,McKellen,rmckellen29@gnu.org,Female,115.242.139.194
1083,Klara,Danniel,kdanniel2a@intel.com,Female,11.86.52.108
1084,Craggie,Dellatorre,cdellatorre2b@squidoo.com,Male,20.220.69.41
1085,Margeaux,Tommei,mtommei2c@1688.com,Female,3.220.111.254
1086,Bonny,Heatley,bheatley2d@bluehost.com,Bigender,142.8.239.195
1087,Ingrim,Humphrys,ihumphrys2e@nhs.uk,Male,122.177.199.65
1088,Grover,Whetland,gwhetland2f@canalblog.com,Male,224.134.235.69
1089,Tilda,Downing,tdowning2g@lulu.com,Female,227.61.115.208
1090,Garik,Hebblethwaite,ghebblethwaite2h@dot.gov,Male,53.233.88.146
1091,Morgen,Hritzko,mhritzko2i@jugem.jp,Male,86.87.8.245
1092,Hailey,Driffill,hdriffill2j@hc360.com,Male,171.50.76.31
1093,Lorant,Caen,lcaen2k@google.fr,Male,226.200.241.69
1094,Danica,Haskett,dhaskett2l@guardian.co.uk,Female,38.158.239.88
1095,Irwinn,Sandercock,isandercock2m@amazon.de,Male,189.140.80.45
1096,Fraser,Helix,fhelix2n@psu.edu,Male,13.139.53.156
1097,Curry,Mc Cahey,cmccahey2o@multiply.com,Male,135.70.138.92
1098,Anissa,Tytler,atytler2p@nifty.com,Female,44.215.7.68
1099,Feodor,Mathis,fmathis2q@stanford.edu,Male,50.123.196.216
1100,Sherwin,Eastridge,seastridge2r@google.com.hk,Male,124.33.56.190
1101,Elwira,Casper,ecasper2s@unc.edu,Genderfluid,55.69.116.238
1102,Eloise,Ricson,ericson2t@nps.gov,Female,73.89.107.148
1103,Jesse,Noddles,jnoddles2u@msu.edu,Female,65.227.95.179
1104,Netti,Byrnes,nbyrnes2v@studiopress.com,Female,191.90.65.198
1105,Janel,Staniforth,jstaniforth2w@bigcartel.com,Agender,197.62.210.47
1106,Laurene,Lead,llead2x@nih.gov,Female,70.92.101.223
1107,Dulciana,Clemoes,dclemoes2y@weibo.com,Female,211.53.120.204
1108,Belle,Goodin,bgoodin2z@wsj.com,Female,47.209.90.152
1109,Giulia,O'Dyvoy,godyvoy30@ucla.edu,Female,17.165.104.189
1110,Shaylynn,Ferbrache,sferbrache31@harvard.edu,Female,92.10.57.29
1111,Grove,Etherton,getherton32@seesaa.net,Male,72.22.165.143
1112,Filmer,Gerrill,fgerrill33@biglobe.ne.jp,Male,138.56.107.130
1113,Florella,Tolomei,ftolomei34@homestead.com,Genderqueer,29.233.237.127
1114,Gay,Dunaway,gdunaway35@nps.gov,Male,49.116.147.0
1115,Leanora,Jelks,ljelks36@furl.net,Female,19.138.13.3
1116,Rory,Rowlett,rrowlett37@google.pl,Genderfluid,192.44.63.99
1117,Chad,Mangeney,cmangeney38@instagram.com,Male,210.63.148.86
1118,Malissa,de Grey,mdegrey39@yandex.ru,Female,48.15.31.65
1119,Coraline,Ferriman,cferriman3a@howstuffworks.com,Female,98.166.74.101
1120,Margot,Broadhurst,mbroadhurst3b@vistaprint.com,Female,90.166.24.226
1121,Corena,Fagg,cfagg3c@fema.gov,Female,136.227.147.176
1122,Jerad,Merryfield,jmerryfield3d@fema.gov,Male,40.39.140.57
1123,Brett,Bradd,bbradd3e@microsoft.com,Female,68.50.103.214
1124,Drusi,Tuxsell,dtuxsell3f@joomla.org,Female,217.190.6.42
1125,Gaynor,Charman,gcharman3g@soup.io,Female,65.201.105.200
1126,Gregg,Limbourne,glimbourne3h@admin.ch,Male,94.222.212.169
1127,Jacques,Besnardeau,jbesnardeau3i@nytimes.com,Male,172.21.21.128
1128,Abram,Bebbington,abebbington3j@yahoo.co.jp,Male,203.214.181.13
1129,Prissie,Charnock,pcharnock3k@nationalgeographic.com,Female,242.45.243.207
1130,Hebert,Merrington,hmerrington3l@mediafire.com,Male,88.37.240.34
1131,Jacquie,Mighele,jmighele3m@multiply.com,Female,73.254.184.87
1132,Oliy,Mapledoore,omapledoore3n@people.com.cn,Female,203.7.141.249
1133,Bjorn,Pinxton,bpinxton3o@people.com.cn,Male,140.182.238.74
1134,Salvador,Sapsed,ssapsed3p@youtube.com,Male,196.159.216.145
1135,Vincents,Bowle,vbowle3q@yolasite.com,Male,11.243.34.115
1136,Collie,Befroy,cbefroy3r@cbsnews.com,Female,178.35.223.222
1137,Darrell,Walkling,dwalkling3s@sina.com.cn,Male,66.95.161.99
1138,Rafaello,Dunsford,rdunsford3t@prweb.com,Male,135.130.23.14
1139,Bree,Antonik,bantonik3u@globo.com,Female,2.175.225.85
1140,Diana,Jakubovits,djakubovits3v@chron.com,Genderfluid,204.167.88.101
1141,Rafaello,Berling,rberling3w@acquirethisname.com,Male,142.226.244.11
1142,Jake,De Hooch,jdehooch3x@w3.org,Male,45.89.43.151
1143,Melinda,Trythall,mtrythall3y@go.com,Female,154.8.116.118
1144,Ginnifer,Koomar,gkoomar3z@ow.ly,Female,152.253.81.241
1145,Corbett,Burdus,cburdus40@nymag.com,Male,159.58.64.195
1146,Mel,Blaske,mblaske41@w3.org,Female,55.189.137.91
1147,Carmela,O'Gorman,cogorman42@sciencedaily.com,Female,38.139.23.184
1148,Edsel,Dudny,edudny43@hatena.ne.jp,Male,142.160.59.1
1149,Harmonia,Armsden,harmsden44@mysql.com,Female,67.115.178.233
1150,Kimberlyn,Devaney,kdevaney45@tinypic.com,Bigender,116.173.213.221
1151,Meridith,Hedin,mhedin46@gov.uk,Female,121.251.91.105
1152,Peter,MacKintosh,pmackintosh47@wordpress.com,Male,161.69.229.81
1153,Aubry,Trodler,atrodler48@php.net,Female,47.128.63.161
1154,Sloane,Pidcock,spidcock49@amazon.de,Male,107.98.191.36
1155,Tan,Drivers,tdrivers4a@java.com,Male,31.0.79.227
1156,Valida,Meaker,vmeaker4b@goo.gl,Female,6.124.76.241
1157,Sylas,Jaycock,sjaycock4c@techcrunch.com,Male,60.80.223.209
1158,Junina,Harbertson,jharbertson4d@wordpress.com,Female,68.238.50.159
1159,Rudolfo,Winterbottom,rwinterbottom4e@exblog.jp,Male,216.246.54.140
1160,Lana,Featherstonhalgh,lfeatherstonhalgh4f@sitemeter.com,Female,44.31.146.216
1161,Godard,Gillow,ggillow4g@themeforest.net,Male,132.169.3.33
1162,Field,Johns,fjohns4h@live.com,Male,15.234.45.209
1163,Emilie,Crollman,ecrollman4i@latimes.com,Female,63.190.135.254
1164,Kipp,Derdes,kderdes4j@ovh.net,Female,217.53.204.87
1165,Mandy,Kloisner,mkloisner4k@columbia.edu,Genderfluid,169.94.244.121
1166,Kora,Tichelaar,ktichelaar4l@google.it,Female,135.22.70.19
1167,Luisa,Chesser,lchesser4m@yelp.com,Female,188.176.81.197
1168,Ariel,Girault,agirault4n@ow.ly,Female,128.150.234.154
1169,Fredek,Evason,fevason4o@hc360.com,Male,171.235.5.58
1170,Dodie,Koene,dkoene4p@columbia.edu,Female,56.0.58.134
1171,Tybalt,Penberthy,tpenberthy4q@google.nl,Male,181.115.87.12
1172,Avrom,Allbones,aallbones4r@jalbum.net,Male,144.205.56.107
1173,Crissie,Orteau,corteau4s@macromedia.com,Female,194.51.207.43
1174,Beaufort,Chaudhry,bchaudhry4t@google.fr,Male,13.95.180.118
1175,Wildon,Aspy,waspy4u@reverbnation.com,Male,171.235.71.97
1176,Izak,Storrar,istorrar4v@seesaa.net,Male,193.87.36.80
1177,Eddie,Fagg,efagg4w@google.nl,Female,128.126.196.67
1178,Alberik,Beveredge,abeveredge4x@ning.com,Male,251.96.219.231
1179,Freemon,Kellart,fkellart4y@t.co,Male,89.44.219.64
1180,Yorker,Cecere,ycecere4z@google.pl,Male,126.115.224.20
1181,Lydia,Standley,lstandley50@wsj.com,Female,134.204.75.219
1182,Babs,Francescuccio,bfrancescuccio51@house.gov,Female,68.121.69.153
1183,Kessiah,Itskovitz,kitskovitz52@intel.com,Female,208.206.44.1
1184,Arther,Ronayne,aronayne53@hatena.ne.jp,Male,189.62.35.132
1185,Florida,Pinke,fpinke54@wordpress.com,Female,223.251.121.136
1186,Brion,Fawdrie,bfawdrie55@sciencedaily.com,Male,243.75.121.133
1187,Harp,Blair,hblair56@artisteer.com,Male,111.174.193.151
1188,Marianna,Ickov,mickov57@nytimes.com,Female,212.81.47.100
1189,Elroy,Sandison,esandison58@oakley.com,Male,166.197.190.219
1190,Norbert,Hurford,nhurford59@google.com,Male,112.87.60.201
1191,Maurice,Delafont,mdelafont5a@cloudflare.com,Male,238.79.42.44
1192,Gabie,Salmon,gsalmon5b@com.com,Female,241.26.175.84
1193,Rollie,Reeks,rreeks5c@usnews.com,Genderfluid,87.78.91.211
1194,Margret,Wychard,mwychard5d@blog.com,Female,201.223.62.233
1195,Teodoro,Meas,tmeas5e@privacy.gov.au,Male,233.164.251.126
1196,Editha,Schade,eschade5f@tuttocitta.it,Female,118.241.42.138
1197,Kendall,Sansome,ksansome5g@prnewswire.com,Male,242.136.31.239
1198,Baxy,Stanesby,bstanesby5h@imdb.com,Male,67.139.135.154
1199,Cass,Perrins,cperrins5i@mysql.com,Polygender,250.96.12.227
1200,Alphonso,Wabe,awabe5j@dagondesign.com,Male,129.158.109.159
1201,Darlene,Pavy,dpavy5k@guardian.co.uk,Female,42.209.216.110
1202,Jasen,Hailey,jhailey5l@java.com,Male,237.86.227.33
1203,Ward,Dranfield,wdranfield5m@va.gov,Male,127.98.220.226
1204,Ulrick,Lattka,ulattka5n@facebook.com,Bigender,139.177.84.173
1205,Nikkie,Fakeley,nfakeley5o@discovery.com,Female,87.190.74.31
1206,Neddie,Sprules,nsprules5p@seesaa.net,Male,163.80.11.226
1207,Brianne,Steddall,bsteddall5q@elegantthemes.com,Female,162.161.242.190
1208,Salmon,Lobb,slobb5r@skype.com,Genderqueer,59.78.73.179
1209,Brinna,Newbatt,bnewbatt5s@imageshack.us,Female,194.224.231.245
1210,Corey,Fursland,cfursland5t@disqus.com,Male,35.63.91.93
1211,Geoff,Coates,gcoates5u@unc.edu,Male,127.180.245.101
1212,Tamar,Hugle,thugle5v@yale.edu,Female,142.180.55.153
1213,Hannie,Studman,hstudman5w@netlog.com,Female,243.198.4.65
1214,Maria,Clemitt,mclemitt5x@dot.gov,Female,163.188.142.179
1215,Orrin,Evenden,oevenden5y@hao123.com,Agender,74.57.189.155
1216,Oneida,Duquesnay,oduquesnay5z@twitpic.com,Female,214.215.241.165
1217,Tammy,Meaddowcroft,tmeaddowcroft60@plala.or.jp,Bigender,62.143.25.161
1218,Hurley,Siward,hsiward61@time.com,Male,234.69.52.160
1219,Max,Bentson,mbentson62@census.gov,Female,66.208.116.166
1220,Sandi,Michele,smichele63@army.mil,Female,124.9.211.182
1221,Sherwin,Fotheringham,sfotheringham64@dmoz.org,Genderfluid,241.60.82.138
1222,Daile,Frantzeni,dfrantzeni65@cdc.gov,Female,134.176.21.153
1223,Alvy,Cabell,acabell66@hubpages.com,Male,15.8.19.70
1224,Gayel,Pavinese,gpavinese67@house.gov,Female,23.68.16.76
1225,Electra,Elwood,eelwood68@msn.com,Female,198.237.207.117
1226,Roderick,Bransby,rbransby69@wunderground.com,Male,149.123.86.218
1227,Rica,Aronson,raronson6a@sakura.ne.jp,Female,255.203.94.183
1228,Jasmine,Engley,jengley6b@php.net,Female,24.193.123.231
1229,Doy,Cunrado,dcunrado6c@dagondesign.com,Male,164.59.250.92
1230,Noble,Weatherburn,nweatherburn6d@ebay.com,Male,253.235.225.149
1231,Axe,Braybrooks,abraybrooks6e@boston.com,Male,238.138.40.158
1232,Harrison,McIlvenny,hmcilvenny6f@163.com,Male,157.203.100.187
1233,Gavra,Stucke,gstucke6g@facebook.com,Female,33.196.157.203
1234,Aguste,Aindriu,aaindriu6h@moonfruit.com,Male,41.63.142.86
1235,Nannie,Sertin,nsertin6i@amazon.de,Female,122.91.21.222
1236,Ariel,Cassell,acassell6j@behance.net,Male,53.108.209.20
1237,Jeramey,Heintzsch,jheintzsch6k@google.com,Male,26.7.185.152
1238,Urbain,Oliphard,uoliphard6l@mozilla.com,Male,211.135.182.153
1239,Any,Irvin,airvin6m@quantcast.com,Male,164.202.189.23
1240,Lothario,Fawdrie,lfawdrie6n@trellian.com,Agender,252.21.238.182
1241,Taddeo,Cotterel,tcotterel6o@linkedin.com,Male,255.152.80.183
1242,Darrell,Josephi,djosephi6p@redcross.org,Male,244.242.187.66
1243,Thom,Nazer,tnazer6q@deliciousdays.com,Male,30.207.237.231
1244,Morrie,Axe,maxe6r@simplemachines.org,Male,200.128.249.198
1245,Papagena,Judkins,pjudkins6s@histats.com,Female,38.130.99.113
1246,Kermie,Penright,kpenright6t@apple.com,Male,65.165.121.201
1247,Murial,Bidwell,mbidwell6u@lycos.com,Female,185.204.124.98
1248,Roobbie,Mordey,rmordey6v@economist.com,Female,206.235.192.225
1249,Tyrus,Piercy,tpiercy6w@prlog.org,Male,221.151.213.96
1250,Hobey,Bernaciak,hbernaciak6x@posterous.com,Male,131.73.85.191
1251,Gussi,Keast,gkeast6y@fastcompany.com,Female,130.24.35.120
1252,Arliene,Dalman,adalman6z@tripadvisor.com,Female,14.119.163.122
1253,Curt,Gracewood,cgracewood70@java.com,Polygender,247.45.100.18
1254,Corbie,Hartright,chartright71@friendfeed.com,Male,44.204.49.155
1255,Roarke,Ivanyushkin,rivanyushkin72@deliciousdays.com,Male,130.14.194.195
1256,Ferris,Heinzler,fheinzler73@yale.edu,Male,56.214.222.233
1257,Brandise,Platfoot,bplatfoot74@hubpages.com,Female,112.252.189.66
1258,Vale,Moroney,vmoroney75@prnewswire.com,Male,133.206.113.181
1259,Abbye,Benardeau,abenardeau76@statcounter.com,Female,181.102.130.35
1260,Prince,Ready,pready77@ehow.com,Male,203.237.225.41
1261,Fraser,Sorro,fsorro78@cafepress.com,Male,236.165.74.90
1262,Milka,Swyne,mswyne79@cloudflare.com,Polygender,51.32.250.141
1263,Dante,Fielding,dfielding7a@wikimedia.org,Male,82.153.226.237
1264,Amalle,Marshallsay,amarshallsay7b@elpais.com,Genderqueer,35.13.162.147
1265,Archie,Aime,aaime7c@163.com,Male,85.183.208.26
1266,Forrester,Hurn,fhurn7d@google.ca,Male,89.2.105.223
1267,Elicia,Pencot,epencot7e@umich.edu,Female,210.87.247.207
1268,Codie,Pook,cpook7f@virginia.edu,Female,41.35.2.200
1269,Douglass,Cambling,dcambling7g@chicagotribune.com,Male,81.219.91.210
1270,Erda,Dinley,edinley7h@live.com,Female,1.74.127.199
1271,Debor,Hillyatt,dhillyatt7i@vistaprint.com,Female,54.62.243.106
1272,Care,Kee,ckee7j@about.com,Male,144.254.23.59
1273,Marius,Gerg,mgerg7k@tinypic.com,Male,50.87.251.132
1274,Emlyn,Cheavin,echeavin7l@ft.com,Male,34.224.182.224
1275,Daisie,Elcombe,delcombe7m@yellowbook.com,Non-binary,176.214.64.47
1276,Glendon,Draper,gdraper7n@moonfruit.com,Male,41.84.96.122
1277,Ad,Brittan,abrittan7o@nih.gov,Male,100.172.245.82
1278,Bailie,Boutellier,bboutellier7p@networkadvertising.org,Male,77.227.70.110
1279,Neda,Matt,nmatt7q@engadget.com,Female,103.234.29.46
1280,Dillon,Longson,dlongson7r@typepad.com,Male,213.200.186.156
1281,Darius,Newport,dnewport7s@bandcamp.com,Male,58.184.105.186
1282,Hardy,Mandres,hmandres7t@goo.gl,Male,175.152.134.58
1283,Stanislas,Libero,slibero7u@liveinternet.ru,Male,113.101.108.226
1284,Jodi,Sharnock,jsharnock7v@ted.com,Male,149.91.236.152
1285,Lilith,Coley,lcoley7w@umn.edu,Female,122.56.99.114
1286,Robinet,Armal,rarmal7x@icio.us,Female,179.223.9.193
1287,Bron,Stockle,bstockle7y@hostgator.com,Male,87.177.193.252
1288,Davey,Tarquinio,dtarquinio7z@macromedia.com,Male,44.241.18.234
1289,Barnie,Abell,babell80@flickr.com,Male,107.57.109.132
1290,Marylinda,Beckey,mbeckey81@nationalgeographic.com,Female,231.221.123.135
1291,Arnaldo,Milksop,amilksop82@seesaa.net,Male,101.32.168.135
1292,Atlante,Ewols,aewols83@jiathis.com,Female,64.209.56.146
1293,Robinet,Rudall,rrudall84@ucsd.edu,Female,133.127.91.223
1294,Uta,Horick,uhorick85@scientificamerican.com,Polygender,204.136.145.173
1295,Sansone,Yanin,syanin86@ihg.com,Male,54.114.169.212
1296,Judi,Bearcroft,jbearcroft87@cbsnews.com,Female,202.65.152.93
1297,Nicola,Rangle,nrangle88@chicagotribune.com,Female,178.98.177.213
1298,Waneta,Tupman,wtupman89@vimeo.com,Agender,24.46.29.13
1299,Nanette,Caisley,ncaisley8a@ifeng.com,Female,127.109.137.121
1300,Nada,Gouldie,ngouldie8b@icq.com,Female,244.217.163.153
1301,Ardath,Garric,agarric8c@qq.com,Female,79.195.253.46
1302,Mada,Gurwood,mgurwood8d@livejournal.com,Female,213.104.154.70
1303,Markos,Murdoch,mmurdoch8e@feedburner.com,Bigender,50.150.74.7
1304,Wye,Doughartie,wdoughartie8f@baidu.com,Male,130.190.32.234
1305,Farrand,Losbie,flosbie8g@slideshare.net,Female,26.201.211.193
1306,Witty,Kopecka,wkopecka8h@economist.com,Male,215.78.71.85
1307,Brady,Keenlyside,bkeenlyside8i@statcounter.com,Male,1.202.232.231
1308,Desmund,Melonby,dmelonby8j@freewebs.com,Male,224.92.36.236
1309,Creigh,Koppelmann,ckoppelmann8k@ocn.ne.jp,Male,99.164.50.95
1310,Hesther,Twallin,htwallin8l@vimeo.com,Female,119.244.227.222
1311,Berthe,Fitzsymonds,bfitzsymonds8m@sciencedirect.com,Female,15.130.185.93
1312,Faber,Notman,fnotman8n@google.cn,Non-binary,19.119.139.51
1313,Tyrus,Conlaund,tconlaund8o@com.com,Male,154.176.227.129
1314,Alisha,Birrel,abirrel8p@businessweek.com,Female,103.226.184.111
1315,Nonah,Cudde,ncudde8q@smh.com.au,Female,213.114.243.250
1316,Lucine,Belvard,lbelvard8r@deviantart.com,Genderfluid,168.44.193.57
1317,Laurie,MacCracken,lmaccracken8s@illinois.edu,Female,231.135.136.59
1318,Kirk,Baudains,kbaudains8t@nationalgeographic.com,Male,61.148.46.143
1319,Ettore,Drake,edrake8u@netvibes.com,Genderfluid,22.153.180.209
1320,Binni,Wallbridge,bwallbridge8v@japanpost.jp,Female,38.165.18.61
1321,Crystie,Rosekilly,crosekilly8w@photobucket.com,Female,58.156.197.223
1322,Shirl,Hesse,shesse8x@virginia.edu,Female,138.233.206.165
1323,Orlando,D'Oyley,odoyley8y@discovery.com,Male,111.55.91.168
1324,Aurelea,Pomfret,apomfret8z@wired.com,Genderqueer,191.228.143.191
1325,Daffie,Gymlett,dgymlett90@sbwire.com,Female,230.21.150.6
1326,Courtnay,Henri,chenri91@google.com.hk,Male,184.28.200.174
1327,Jannelle,Chittleburgh,jchittleburgh92@reddit.com,Female,136.78.44.232
1328,Horatio,Tapenden,htapenden93@opensource.org,Male,54.109.56.229
1329,Lulu,Pullar,lpullar94@homestead.com,Female,15.110.68.129
1330,Ewell,Odlin,eodlin95@discuz.net,Male,244.146.178.152
1331,Mortimer,Olivie,molivie96@walmart.com,Male,108.54.75.169
1332,Vittorio,Seeler,vseeler97@slideshare.net,Male,62.215.158.219
1333,Johnette,Baudone,jbaudone98@apple.com,Female,81.202.165.192
1334,Dewain,Treagust,dtreagust99@fastcompany.com,Male,41.39.201.181
1335,Sibylle,Bartley,sbartley9a@google.de,Female,3.99.234.216
1336,Shannon,Boorer,sboorer9b@hubpages.com,Female,193.201.114.5
1337,Leroy,Gillbey,lgillbey9c@amazon.com,Genderqueer,22.137.168.16
1338,Morris,Corsor,mcorsor9d@youtu.be,Male,164.186.189.139
1339,Jacquette,Andreone,jandreone9e@mac.com,Female,225.28.108.86
1340,Perl,Christoforou,pchristoforou9f@hud.gov,Female,44.205.100.126
1341,Fax,Barns,fbarns9g@etsy.com,Male,5.49.71.30
1342,Yvette,Goghin,ygoghin9h@goo.ne.jp,Female,189.218.221.181
1343,Beckie,Bradnam,bbradnam9i@prlog.org,Bigender,225.199.28.197
1344,Tine,Pakes,tpakes9j@exblog.jp,Female,138.58.119.60
1345,Theo,Howerd,thowerd9k@senate.gov,Male,226.20.176.147
1346,Woodman,Castro,wcastro9l@slate.com,Male,163.6.125.62
1347,Danice,Betonia,dbetonia9m@delicious.com,Agender,210.81.10.196
1348,Remington,Ambrosini,rambrosini9n@4shared.com,Male,72.174.177.114
1349,Corabelle,Balazs,cbalazs9o@nba.com,Polygender,106.44.105.19
1350,Vitia,Skittrell,vskittrell9p@nps.gov,Female,33.124.52.196
1351,Ramonda,Greenroyd,rgreenroyd9q@unc.edu,Female,217.119.165.28
1352,Lyndell,Anwell,lanwell9r@symantec.com,Female,217.125.98.237
1353,Anatola,Girardey,agirardey9s@europa.eu,Female,222.227.81.98
1354,Gaultiero,Di Iorio,gdiiorio9t@seesaa.net,Male,187.147.193.26
1355,Leo,Geraudel,lgeraudel9u@yellowpages.com,Male,99.155.240.183
1356,Cirilo,Duckering,cduckering9v@aol.com,Male,72.15.12.209
1357,Kelley,Wichard,kwichard9w@arstechnica.com,Male,180.138.255.95
1358,Mel,Blondell,mblondell9x@businessinsider.com,Male,170.183.41.239
1359,Constantia,Matthias,cmatthias9y@state.tx.us,Female,109.169.146.91
1360,Fitz,Brilon,fbrilon9z@ning.com,Male,51.178.129.151
1361,Jock,Bonifas,jbonifasa0@mozilla.org,Male,228.165.38.167
1362,Rurik,Cowoppe,rcowoppea1@slashdot.org,Male,204.33.134.246
1363,Pamela,Slavin,pslavina2@jimdo.com,Female,170.78.164.255
1364,Orran,Pelerin,opelerina3@furl.net,Male,237.122.29.192
1365,Raquela,Goldsbrough,rgoldsbrougha4@ihg.com,Female,199.253.41.231
1366,Gustav,Bohling,gbohlinga5@uol.com.br,Male,31.43.143.165
1367,Derick,Papachristophorou,dpapachristophoroua6@surveymonkey.com,Male,56.100.59.199
1368,Ignatius,Gallienne,igalliennea7@si.edu,Male,10.174.99.60
1369,Babb,Hayball,bhayballa8@latimes.com,Female,128.79.245.3
1370,Noelani,Brayson,nbraysona9@tuttocitta.it,Female,145.121.61.213
1371,Susie,McGlaughn,smcglaughnaa@netvibes.com,Female,116.63.51.63
1372,Xerxes,Meric,xmericab@irs.gov,Male,109.154.90.60
1373,Marcie,McDermott,mmcdermottac@sciencedaily.com,Female,146.25.251.69
1374,Connor,McMaster,cmcmasterad@usa.gov,Male,82.181.226.46
1375,Andreas,Keady,akeadyae@mit.edu,Male,28.243.132.204
1376,Georgy,Saines,gsainesaf@macromedia.com,Male,36.210.218.194
1377,Bob,Penticoot,bpenticootag@boston.com,Male,49.208.211.53
1378,Leonidas,Wyllie,lwyllieah@samsung.com,Male,180.208.227.98
1379,Berna,Dundon,bdundonai@usnews.com,Female,188.194.233.171
1380,Garvin,Sorey,gsoreyaj@cdc.gov,Genderqueer,140.169.170.129
1381,Petr,Bourget,pbourgetak@weebly.com,Male,90.241.117.136
1382,Shirl,Laweles,slawelesal@europa.eu,Agender,186.193.74.166
1383,Salaidh,Cough,scougham@unc.edu,Female,224.143.176.122
1384,Arvy,Pionter,apionteran@msn.com,Male,84.168.153.3
1385,Celene,Pisco,cpiscoao@accuweather.com,Agender,141.102.117.224
1386,Levy,Blandamore,lblandamoreap@washington.edu,Polygender,49.124.206.46
1387,Rianon,Ritson,rritsonaq@eepurl.com,Female,73.143.13.235
1388,Keely,Cloutt,kclouttar@shutterfly.com,Polygender,133.207.150.31
1389,Kingsley,Karlolak,kkarlolakas@berkeley.edu,Male,251.213.86.249
1390,Yank,Ayrs,yayrsat@businesswire.com,Male,176.125.155.50
1391,Natal,Hamill,nhamillau@com.com,Male,94.173.78.119
1392,Dyana,Sankey,dsankeyav@sohu.com,Female,87.105.212.52
1393,Hermine,Lyard,hlyardaw@spotify.com,Female,246.213.19.217
1394,Carroll,Goricke,cgorickeax@usgs.gov,Female,146.203.97.32
1395,Augusta,Leeke,aleekeay@wiley.com,Female,30.120.241.192
1396,Candice,Cubbon,ccubbonaz@toplist.cz,Female,131.220.195.166
1397,Tadd,Toman,ttomanb0@sitemeter.com,Male,194.255.56.146
1398,Essa,Pankettman,epankettmanb1@liveinternet.ru,Female,225.25.9.84
1399,Reinald,Miguet,rmiguetb2@nba.com,Male,200.34.45.187
1400,Barde,Maundrell,bmaundrellb3@list-manage.com,Male,181.12.65.62
1401,Davis,Inmett,dinmettb4@skyrock.com,Male,249.210.29.55
1402,Taite,Robak,trobakb5@cocolog-nifty.com,Male,111.53.110.109
1403,Dreddy,Gray,dgrayb6@hhs.gov,Female,207.151.45.255
1404,Dierdre,Dodding,ddoddingb7@youku.com,Genderfluid,226.74.16.227
1405,Dorelia,Castri,dcastrib8@cbc.ca,Polygender,25.197.97.187
1406,Bernita,Pharo,bpharob9@sohu.com,Female,230.9.79.250
1407,Ariel,Riccardini,ariccardiniba@creativecommons.org,Agender,158.55.203.242
1408,Weston,Physick,wphysickbb@paginegialle.it,Male,181.93.137.6
1409,Ondrea,Schonfelder,oschonfelderbc@ucsd.edu,Female,224.177.111.102
1410,Odele,Szabo,oszabobd@hao123.com,Female,49.254.35.101
1411,Claus,Camelli,ccamellibe@dot.gov,Male,226.72.189.193
1412,Keeley,Canet,kcanetbf@cmu.edu,Female,208.42.20.89
1413,Friedrich,Macvey,fmacveybg@wikia.com,Male,104.220.238.207
1414,Michale,Pay,mpaybh@patch.com,Agender,141.15.48.131
1415,Alene,Gunstone,agunstonebi@usnews.com,Female,70.172.79.250
1416,Morty,Rabier,mrabierbj@state.gov,Male,9.76.152.39
1417,Gorden,Johnsson,gjohnssonbk@npr.org,Agender,73.232.69.221
1418,Rois,Rankling,rranklingbl@pen.io,Female,77.156.14.154
1419,Leonore,Greensall,lgreensallbm@smugmug.com,Female,151.39.193.145
1420,Madison,Bellee,mbelleebn@dailymail.co.uk,Male,179.43.221.217
1421,Isabella,Coatsworth,icoatsworthbo@ask.com,Genderfluid,174.3.85.134
1422,Cristen,Guyon,cguyonbp@sciencedirect.com,Female,110.213.192.16
1423,Lotty,Bernardos,lbernardosbq@harvard.edu,Female,150.203.162.21
1424,Archie,Hogbourne,ahogbournebr@wufoo.com,Male,77.1.104.227
1425,Farlay,McCloughen,fmccloughenbs@is.gd,Polygender,112.152.30.189
1426,Murvyn,Pittwood,mpittwoodbt@hexun.com,Male,22.237.30.57
1427,Jereme,Peddie,jpeddiebu@census.gov,Male,55.33.0.131
1428,Rudiger,Avramow,ravramowbv@reddit.com,Male,104.238.25.133
1429,Norbert,Chataignier,nchataignierbw@acquirethisname.com,Male,144.245.89.207
1430,Rhona,Tookey,rtookeybx@sogou.com,Female,134.189.114.141
1431,Odey,Riall,oriallby@noaa.gov,Male,86.212.250.66
1432,Enid,Menego,emenegobz@omniture.com,Female,88.118.16.17
1433,Pia,Davidovici,pdavidovicic0@eepurl.com,Female,160.53.143.225
1434,Yvon,Yaxley,yyaxleyc1@themeforest.net,Male,109.237.168.7
1435,Barnie,Peert,bpeertc2@wix.com,Genderfluid,240.144.156.245
1436,Glenda,Ashington,gashingtonc3@goodreads.com,Female,106.162.196.89
1437,Pammie,Argo,pargoc4@merriam-webster.com,Female,54.64.130.46
1438,Roseanna,Ferroni,rferronic5@gnu.org,Female,89.198.182.45
1439,Pasquale,Panting,ppantingc6@hud.gov,Male,149.111.47.111
1440,Leon,Vittet,lvittetc7@addtoany.com,Male,132.218.182.20
1441,Hunter,Gibbens,hgibbensc8@geocities.com,Male,15.15.151.48
1442,Charlton,Boot,cbootc9@noaa.gov,Agender,37.250.107.91
1443,Obidiah,McGrath,omcgrathca@ocn.ne.jp,Male,101.223.76.135
1444,Glynnis,Ronan,gronancb@wiley.com,Female,176.253.34.193
1445,Gizela,Headrick,gheadrickcc@ucoz.com,Female,11.138.106.86
1446,Tiler,Yaakov,tyaakovcd@ed.gov,Male,192.71.171.0
1447,Mycah,Rapport,mrapportce@parallels.com,Male,245.3.67.63
1448,Johna,Rizzardini,jrizzardinicf@parallels.com,Female,15.104.34.154
1449,Shae,Deveral,sdeveralcg@yale.edu,Male,12.73.65.156
1450,Bernice,Gladtbach,bgladtbachch@gizmodo.com,Female,26.1.53.79
1451,Corny,Hairon,chaironci@time.com,Male,32.137.13.193
1452,Vernor,Hurdle,vhurdlecj@ucoz.com,Male,121.166.135.75
1453,Corri,Griffoen,cgriffoenck@merriam-webster.com,Female,39.66.162.21
1454,Liana,Wimpress,lwimpresscl@cyberchimps.com,Female,245.176.27.36
1455,Merwin,Colvine,mcolvinecm@cargocollective.com,Male,57.191.250.90
1456,Elnore,Mathy,emathycn@jigsy.com,Female,54.166.104.181
1457,Penny,Coppen,pcoppenco@psu.edu,Male,211.150.92.231
1458,Adriena,Kinsman,akinsmancp@vk.com,Female,53.153.138.112
1459,Euell,Message,emessagecq@360.cn,Male,253.27.118.160
1460,Sorcha,Ratledge,sratledgecr@time.com,Female,53.20.226.89
1461,Hana,Styles,hstylescs@phoca.cz,Female,45.213.222.94
1462,Carey,Blakeley,cblakeleyct@fc2.com,Male,11.207.120.23
1463,Galvin,Coppo,gcoppocu@wordpress.com,Male,25.108.40.30
1464,Henrieta,Dolder,hdoldercv@sina.com.cn,Female,96.112.244.137
1465,De witt,Tuiller,dtuillercw@cnet.com,Non-binary,164.213.48.138
1466,Maynard,Kubas,mkubascx@jimdo.com,Male,111.167.30.123
1467,Frannie,Stiff,fstiffcy@newsvine.com,Male,199.132.67.170
1468,Sheppard,Hughf,shughfcz@mediafire.com,Male,15.198.173.37
1469,Gabriella,Andrzejowski,gandrzejowskid0@webs.com,Female,117.219.47.37
1470,Kevon,Denys,kdenysd1@elegantthemes.com,Polygender,213.233.142.79
1471,Brunhilda,Edlyn,bedlynd2@alexa.com,Female,19.208.77.121
1472,Craggie,Gusticke,cgusticked3@angelfire.com,Genderqueer,89.92.69.152
1473,Ondrea,Wardell,owardelld4@cargocollective.com,Female,100.88.137.76
1474,Lawrence,Towsey,ltowseyd5@livejournal.com,Male,119.123.0.226
1475,Salomone,Beadle,sbeadled6@scientificamerican.com,Male,73.233.35.225
1476,Gnni,Rigney,grigneyd7@com.com,Female,70.78.211.61
1477,Winnie,Gidman,wgidmand8@furl.net,Male,173.118.231.25
1478,Elisabeth,Persey,eperseyd9@miibeian.gov.cn,Female,226.215.9.59
1479,Tawnya,Castello,tcastelloda@spiegel.de,Female,101.144.37.135
1480,Chandal,Wayt,cwaytdb@flickr.com,Female,77.162.179.134
1481,Reggis,Pendleberry,rpendleberrydc@wunderground.com,Male,173.140.8.115
1482,Dani,Darbey,ddarbeydd@timesonline.co.uk,Male,223.182.32.2
1483,Vassili,Mildmott,vmildmottde@techcrunch.com,Male,99.85.165.137
1484,Veronike,Pioli,vpiolidf@hud.gov,Female,179.28.176.21
1485,Ada,Tysack,atysackdg@princeton.edu,Female,68.217.32.246
1486,Brenn,Megson,bmegsondh@wiley.com,Female,114.114.125.249
1487,Gipsy,Seggie,gseggiedi@wp.com,Female,181.30.86.229
1488,Kaspar,Feares,kfearesdj@gizmodo.com,Male,198.60.161.172
1489,Corly,Viner,cvinerdk@usatoday.com,Female,191.177.223.15
1490,Jolie,MacManus,jmacmanusdl@bloglines.com,Female,192.71.58.233
1491,Zebedee,Sondland,zsondlanddm@creativecommons.org,Male,77.41.212.79
1492,Farrand,Foxton,ffoxtondn@people.com.cn,Female,242.207.147.176
1493,Eduino,Sprull,esprulldo@odnoklassniki.ru,Male,67.223.69.19
1494,Hope,Maryin,hmaryindp@edublogs.org,Female,103.170.201.172
1495,Lida,Skentelbery,lskentelberydq@1688.com,Female,226.39.56.78
1496,Theodoric,McGannon,tmcgannondr@bloglines.com,Male,162.214.218.71
1497,Calley,Henstone,chenstoneds@google.co.jp,Female,238.106.7.193
1498,Phedra,Flowerden,pflowerdendt@nature.com,Female,113.173.255.165
1499,Donny,Greally,dgreallydu@surveymonkey.com,Female,247.225.147.226
1500,Elizabeth,De Ortega,edeortegadv@npr.org,Female,94.36.252.232
1501,Rochella,Lafrentz,rlafrentzdw@google.com.au,Female,120.210.138.40
1502,Darrell,Gaskell,dgaskelldx@hostgator.com,Male,131.222.127.170
1503,Linnie,Pickle,lpickledy@netvibes.com,Female,161.215.119.96
1504,Garik,Flieger,gfliegerdz@dailymail.co.uk,Male,197.113.238.246
1505,Agneta,Orbine,aorbinee0@ucoz.ru,Female,153.166.124.64
1506,Cary,Greguol,cgreguole1@free.fr,Male,176.221.130.2
1507,Hannie,Darbey,hdarbeye2@europa.eu,Agender,58.37.13.84
1508,Rosanne,Records,rrecordse3@thetimes.co.uk,Female,40.222.248.228
1509,Berti,Hudspith,bhudspithe4@sogou.com,Female,54.213.123.207
1510,Svend,Broster,sbrostere5@typepad.com,Male,49.169.230.147
1511,Garvey,O'Dowling,godowlinge6@pagesperso-orange.fr,Male,202.114.172.98
1512,Cord,Pantridge,cpantridgee7@theatlantic.com,Male,112.212.53.147
1513,Crissie,Kenealy,ckenealye8@blinklist.com,Female,216.216.218.208
1514,Fernando,Hachette,fhachettee9@miitbeian.gov.cn,Male,4.45.123.213
1515,Lief,Heyward,lheywardea@yandex.ru,Male,96.252.185.96
1516,Guinevere,Dupree,gdupreeeb@mashable.com,Female,172.56.184.0
1517,Lisbeth,Heiton,lheitonec@creativecommons.org,Female,220.12.53.107
1518,Zilvia,Wilding,zwildinged@chronoengine.com,Female,152.185.218.31
1519,Letisha,Monkton,lmonktonee@google.co.jp,Genderfluid,89.142.114.68
1520,Ludvig,Halse,lhalseef@deviantart.com,Male,192.172.211.148
1521,Wilhelmine,Langtree,wlangtreeeg@indiegogo.com,Female,152.128.61.193
1522,Byrle,Bucksey,bbuckseyeh@samsung.com,Male,136.8.193.73
1523,Shae,Goolding,sgooldingei@mail.ru,Male,5.170.147.232
1524,Luis,Greenhaugh,lgreenhaughej@un.org,Male,190.251.105.181
1525,Ninnette,Masding,nmasdingek@360.cn,Female,12.33.54.95
1526,Kathe,Pidgeon,kpidgeonel@163.com,Genderfluid,118.235.125.228
1527,Glenden,Hackey,ghackeyem@ycombinator.com,Male,150.89.229.194
1528,Starla,Yeowell,syeowellen@alibaba.com,Female,155.20.176.177
1529,Fan,Meysham,fmeyshameo@so-net.ne.jp,Female,157.212.255.54
1530,Jamey,Sword,jswordep@reverbnation.com,Male,166.234.63.57
1531,Karel,Murison,kmurisoneq@furl.net,Male,199.131.130.75
1532,Bax,Vanyushkin,bvanyushkiner@whitehouse.gov,Male,221.207.57.5
1533,Justina,Bastistini,jbastistinies@illinois.edu,Female,111.220.212.219
1534,Scottie,Belt,sbeltet@odnoklassniki.ru,Male,96.200.73.3
1535,Deena,Giacomazzo,dgiacomazzoeu@posterous.com,Female,191.16.56.73
1536,Shanon,Cornfield,scornfieldev@photobucket.com,Female,81.80.235.169
1537,Erek,Ivanishin,eivanishinew@nytimes.com,Male,88.241.98.56
1538,Kial,Coutts,kcouttsex@newsvine.com,Female,64.9.143.191
1539,Albrecht,Ragborne,aragborneey@yolasite.com,Male,244.36.219.165
1540,Tara,Minghi,tminghiez@ox.ac.uk,Female,16.156.159.111
1541,Haywood,Duffie,hduffief0@mozilla.org,Male,195.138.74.148
1542,Miltie,Haining,mhainingf1@nih.gov,Male,91.164.90.31
1543,Elladine,Ashbolt,eashboltf2@oracle.com,Female,188.72.37.9
1544,Willard,Barrell,wbarrellf3@usgs.gov,Male,24.93.30.179
1545,Sauncho,Pitkethly,spitkethlyf4@berkeley.edu,Male,51.92.30.194
1546,Hedvige,Demko,hdemkof5@upenn.edu,Female,234.253.12.123
1547,Sharline,Headingham,sheadinghamf6@paypal.com,Female,141.42.247.78
1548,Klaus,Klimowski,kklimowskif7@mtv.com,Male,69.207.23.63
1549,Ranique,Physick,rphysickf8@economist.com,Female,205.243.177.63
1550,Jacintha,Kanzler,jkanzlerf9@stanford.edu,Female,184.172.232.16
1551,Pepe,Bysaker,pbysakerfa@house.gov,Male,149.2.0.23
1552,Marlowe,Hawkey,mhawkeyfb@cnn.com,Male,227.166.136.35
1553,Demetrius,Oakden,doakdenfc@oracle.com,Male,9.68.85.193
1554,Ricard,Lancett,rlancettfd@pen.io,Male,74.66.164.168
1555,Cal,Stichall,cstichallfe@histats.com,Male,170.254.111.220
1556,Nomi,Papps,npappsff@imgur.com,Female,77.33.143.160
1557,Albrecht,Soppitt,asoppittfg@latimes.com,Male,80.234.216.222
1558,Vance,Lower,vlowerfh@weibo.com,Male,46.96.198.170
1559,Harry,Gowry,hgowryfi@shutterfly.com,Male,210.178.52.159
1560,Melesa,Churchman,mchurchmanfj@smugmug.com,Female,81.183.250.102
1561,Lindon,Cail,lcailfk@guardian.co.uk,Male,225.236.52.7
1562,Millie,Hambrook,mhambrookfl@baidu.com,Female,173.181.128.167
1563,Marj,Laviste,mlavistefm@ameblo.jp,Bigender,93.161.190.158
1564,Nicholle,Braundt,nbraundtfn@unblog.fr,Non-binary,216.81.237.63
1565,Basilio,Puddin,bpuddinfo@freewebs.com,Male,248.220.36.48
1566,Terrance,Warsop,twarsopfp@yolasite.com,Male,19.113.47.90
1567,Lilia,Kyllford,lkyllfordfq@google.fr,Female,18.239.120.201
1568,Hugo,Parkhouse,hparkhousefr@time.com,Male,166.198.219.132
1569,Vita,Fredy,vfredyfs@soundcloud.com,Female,33.71.157.5
1570,Richmound,Duckels,rduckelsft@purevolume.com,Male,40.141.140.215
1571,Banky,Wetheril,bwetherilfu@google.co.uk,Male,144.186.121.175
1572,Kristen,Kimbly,kkimblyfv@free.fr,Female,37.64.147.143
1573,Shanan,Adamolli,sadamollifw@bbc.co.uk,Male,198.48.173.133
1574,Justen,Rawdales,jrawdalesfx@live.com,Male,215.14.72.227
1575,Gertrudis,Wearing,gwearingfy@bizjournals.com,Female,94.252.190.85
1576,Barclay,Lotze,blotzefz@jalbum.net,Male,164.148.30.53
1577,Jamie,Glover,jgloverg0@wikipedia.org,Male,46.160.6.171
1578,Phoebe,Blasgen,pblasgeng1@surveymonkey.com,Female,132.21.181.73
1579,Kally,Varvell,kvarvellg2@feedburner.com,Female,216.25.157.55
1580,Linnet,Hobden,lhobdeng3@nbcnews.com,Female,224.77.20.130
1581,Arlin,Savery,asaveryg4@geocities.jp,Male,15.130.218.177
1582,Rudolfo,Pitcher,rpitcherg5@spotify.com,Male,129.82.188.241
1583,Germaine,Wenham,gwenhamg6@is.gd,Male,21.32.65.163
1584,Noreen,Oddboy,noddboyg7@nasa.gov,Female,228.4.107.135
1585,Shelba,De Carteret,sdecarteretg8@newsvine.com,Female,30.255.235.236
1586,Towney,Walisiak,twalisiakg9@hostgator.com,Male,166.87.216.29
1587,Jarrid,Gregoretti,jgregorettiga@springer.com,Male,159.222.134.170
1588,Beitris,Klaffs,bklaffsgb@squidoo.com,Non-binary,68.2.59.69
1589,Alexandrina,MacNeilley,amacneilleygc@blog.com,Female,22.135.203.100
1590,Marilyn,Curphey,mcurpheygd@mediafire.com,Female,185.101.248.226
1591,Claudine,Walsh,cwalshge@blogspot.com,Female,244.116.178.199
1592,Barry,Angrick,bangrickgf@google.nl,Male,0.232.199.57
1593,Pate,Tack,ptackgg@a8.net,Male,29.147.108.175
1594,Bianka,Dwelling,bdwellinggh@eepurl.com,Female,127.152.54.29
1595,Vachel,Gobbett,vgobbettgi@imageshack.us,Male,31.3.197.227
1596,Dannye,Chippendale,dchippendalegj@arstechnica.com,Female,93.124.207.54
1597,Darin,Lamprecht,dlamprechtgk@microsoft.com,Male,30.107.245.135
1598,Ingelbert,Cressor,icressorgl@php.net,Male,119.65.244.209
1599,Bernadina,Vassie,bvassiegm@skype.com,Female,205.8.202.241
1600,Betsey,Charleston,bcharlestongn@simplemachines.org,Female,223.254.114.8
1601,Shelby,Belk,sbelkgo@ca.gov,Male,186.199.94.99
1602,Myer,Hutcheon,mhutcheongp@live.com,Male,229.19.124.132
1603,Trevar,Ogle,toglegq@nationalgeographic.com,Male,72.172.17.206
1604,Nona,Carnegy,ncarnegygr@wikia.com,Female,4.229.254.20
1605,Gayla,Wincer,gwincergs@accuweather.com,Female,123.15.208.73
1606,Virgie,Snowdon,vsnowdongt@a8.net,Female,196.51.89.220
1607,Wilfred,Syrie,wsyriegu@redcross.org,Male,217.101.191.227
1608,Ashton,Bennett,abennettgv@deviantart.com,Male,117.189.10.227
1609,Kendrick,Togwell,ktogwellgw@about.me,Male,253.204.174.168
1610,Sigismundo,Sprott,ssprottgx@youtube.com,Male,250.253.224.207
1611,Catherina,Bruckenthal,cbruckenthalgy@google.nl,Female,171.57.206.241
1612,Maure,Smiz,msmizgz@arstechnica.com,Female,26.185.101.170
1613,Alethea,Stutt,astutth0@netlog.com,Female,12.206.93.46
1614,Rosita,Housaman,rhousamanh1@altervista.org,Female,245.5.196.241
1615,Frederico,Gosney,fgosneyh2@ihg.com,Male,250.121.235.14
1616,Ram,Ellice,relliceh3@japanpost.jp,Male,106.157.143.32
1617,Hale,Heugle,hheugleh4@psu.edu,Male,43.149.109.222
1618,Riannon,Annett,rannetth5@reuters.com,Female,65.207.143.30
1619,Walden,Toovey,wtooveyh6@wisc.edu,Male,100.164.229.84
1620,Sophey,Webland,sweblandh7@techcrunch.com,Female,64.142.7.249
1621,Chad,Corbett,ccorbetth8@digg.com,Polygender,138.25.132.18
1622,Raymond,Shearn,rshearnh9@gravatar.com,Male,225.27.187.219
1623,Luelle,Ricciardo,lricciardoha@goo.ne.jp,Female,169.99.247.242
1624,Adair,Bellay,abellayhb@independent.co.uk,Male,194.9.69.246
1625,Nolan,Esser,nesserhc@huffingtonpost.com,Male,39.80.74.37
1626,Corinna,Sussex,csussexhd@cnbc.com,Bigender,171.108.210.78
1627,Bartolemo,Bjorkan,bbjorkanhe@eventbrite.com,Male,238.161.197.131
1628,Janis,Charity,jcharityhf@cpanel.net,Female,17.46.43.142
1629,Caroljean,Staveley,cstaveleyhg@bloglines.com,Female,144.6.238.24
1630,Salomi,Granville,sgranvillehh@marketwatch.com,Female,167.60.108.160
1631,Pip,Walkowski,pwalkowskihi@merriam-webster.com,Male,31.75.56.211
1632,Ami,Coweuppe,acoweuppehj@theglobeandmail.com,Female,229.245.74.114
1633,Vito,McMonnies,vmcmonnieshk@merriam-webster.com,Male,27.23.227.113
1634,Petra,Ker,pkerhl@noaa.gov,Agender,66.16.46.95
1635,Agna,Purviss,apurvisshm@craigslist.org,Non-binary,52.212.9.222
1636,Tallie,Knocker,tknockerhn@cdbaby.com,Female,79.104.175.42
1637,Cleon,Ilieve,cilieveho@imgur.com,Male,188.32.10.40
1638,Raina,Hearson,rhearsonhp@t-online.de,Female,243.213.220.162
1639,Lexis,Menure,lmenurehq@dedecms.com,Female,209.34.23.51
1640,Aylmar,Mealiffe,amealiffehr@cmu.edu,Male,99.2.211.99
1641,Irene,Shevell,ishevellhs@netlog.com,Female,170.60.58.49
1642,Peria,Peer,ppeerht@mail.ru,Female,238.75.177.170
1643,Hubie,Weyman,hweymanhu@samsung.com,Male,213.221.26.159
1644,Catlaina,Balharrie,cbalharriehv@ustream.tv,Female,98.87.161.81
1645,Sibylle,Stearne,sstearnehw@purevolume.com,Female,68.245.23.220
1646,Maddy,Iannelli,miannellihx@thetimes.co.uk,Male,38.67.186.131
1647,Yuma,Myrick,ymyrickhy@yelp.com,Male,247.68.42.61
1648,Florie,Loughlan,floughlanhz@cornell.edu,Female,140.211.198.99
1649,Claudian,Schnieder,cschniederi0@4shared.com,Male,66.221.123.21
1650,Darci,Woodroofe,dwoodroofei1@histats.com,Female,151.235.31.4
1651,Tildy,Kiehl,tkiehli2@barnesandnoble.com,Female,13.234.33.220
1652,Agnella,Danovich,adanovichi3@ovh.net,Female,144.155.104.165
1653,Humberto,MacDermand,hmacdermandi4@msu.edu,Male,191.248.196.34
1654,Ashil,Erley,aerleyi5@sun.com,Genderfluid,92.252.119.209
1655,Antonetta,Louys,alouysi6@marketwatch.com,Non-binary,235.112.217.76
1656,Greg,Beton,gbetoni7@domainmarket.com,Male,114.67.165.214
1657,Felix,Leftbridge,fleftbridgei8@hugedomains.com,Male,33.149.222.156
1658,Antonius,Gwalter,agwalteri9@go.com,Male,118.61.234.118
1659,Kerry,Shilladay,kshilladayia@bbb.org,Male,164.129.173.57
1660,Giorgi,Ladon,gladonib@examiner.com,Male,173.180.225.124
1661,Winthrop,Meere,wmeereic@lycos.com,Male,207.93.31.198
1662,Jennee,Thirwell,jthirwellid@ezinearticles.com,Female,206.141.140.212
1663,Andonis,Early,aearlyie@columbia.edu,Male,72.199.130.208
1664,Jasmine,Elphinstone,jelphinstoneif@microsoft.com,Female,35.158.146.156
1665,Darya,Kersey,dkerseyig@facebook.com,Female,220.247.107.1
1666,Jolene,Fogg,jfoggih@cdbaby.com,Female,228.62.47.114
1667,Corrina,Sutterfield,csutterfieldii@blinklist.com,Female,225.107.20.56
1668,Corrine,Beadnell,cbeadnellij@51.la,Female,31.192.38.107
1669,Seline,Tully,stullyik@zdnet.com,Female,8.183.235.219
1670,Karilynn,Kastel,kkastelil@geocities.com,Female,69.86.126.175
1671,Murdoch,Lorenzin,mlorenzinim@google.es,Male,158.48.153.180
1672,Netty,Chiechio,nchiechioin@blogtalkradio.com,Female,100.166.194.106
1673,Sherwynd,Fosdyke,sfosdykeio@slate.com,Male,231.93.158.200
1674,Jessee,Aldersey,jalderseyip@mozilla.org,Male,212.204.201.105
1675,Harley,Oswick,hoswickiq@gizmodo.com,Male,16.89.50.155
1676,Padgett,Sleeman,psleemanir@unc.edu,Male,137.40.43.47
1677,Myrlene,Machen,mmachenis@e-recht24.de,Female,198.28.231.26
1678,Wit,Ceyssen,wceyssenit@prlog.org,Male,14.47.52.227
1679,Cherie,Barstowk,cbarstowkiu@mail.ru,Female,238.72.129.115
1680,Geri,Ambrogini,gambroginiiv@arizona.edu,Male,219.148.194.84
1681,Norbert,Crick,ncrickiw@technorati.com,Male,108.163.142.16
1682,Jeffie,Haseldine,jhaseldineix@themeforest.net,Male,151.230.197.65
1683,Witty,Harbord,wharbordiy@yale.edu,Male,185.146.158.86
1684,Darrick,Tayt,dtaytiz@a8.net,Male,49.159.30.129
1685,Lucille,Leitche,lleitchej0@istockphoto.com,Female,91.253.61.222
1686,Nye,Shortcliffe,nshortcliffej1@ow.ly,Male,6.85.243.18
1687,Cammy,Cridland,ccridlandj2@army.mil,Bigender,88.195.54.2
1688,Olenka,Salvage,osalvagej3@hugedomains.com,Agender,149.11.130.36
1689,Easter,Micco,emiccoj4@hubpages.com,Female,116.133.107.91
1690,Slade,McIlvaney,smcilvaneyj5@yahoo.com,Male,49.56.4.95
1691,Thatcher,Gladdish,tgladdishj6@dagondesign.com,Male,117.65.209.108
1692,Winny,Makepeace,wmakepeacej7@about.com,Female,146.202.61.237
1693,Sigismund,Sarfat,ssarfatj8@patch.com,Male,194.146.239.237
1694,Reina,Hazleton,rhazletonj9@flavors.me,Female,231.52.25.28
1695,Dulcy,O'Hara,doharaja@wisc.edu,Female,182.193.2.170
1696,Livvy,Larkcum,llarkcumjb@ebay.co.uk,Female,47.58.11.216
1697,Christi,Brockest,cbrockestjc@accuweather.com,Female,164.43.83.78
1698,Cristionna,Tansey,ctanseyjd@4shared.com,Female,51.118.179.149
1699,Saloma,Lemon,slemonje@flavors.me,Female,183.150.142.88
1700,Gaspar,Corzon,gcorzonjf@wsj.com,Male,50.50.245.20
1701,Dorry,Benettini,dbenettinijg@pen.io,Female,37.140.186.235
1702,Nealon,Gaspero,ngasperojh@cnet.com,Male,113.59.237.81
1703,Joya,Gainfort,jgainfortji@virginia.edu,Female,121.63.229.120
1704,Kata,Bateson,kbatesonjj@alexa.com,Female,24.147.146.229
1705,Madelin,Targett,mtargettjk@ehow.com,Female,227.228.250.242
1706,Raphael,Milbourn,rmilbournjl@chronoengine.com,Male,167.60.116.169
1707,Dannie,Braunton,dbrauntonjm@simplemachines.org,Male,132.96.199.70
1708,Elfie,Jarmyn,ejarmynjn@cdbaby.com,Female,51.30.99.120
1709,Jacquenetta,Patriche,jpatrichejo@wikimedia.org,Female,141.225.191.28
1710,Thorvald,Sutherington,tsutheringtonjp@toplist.cz,Male,175.75.77.236
1711,Maurice,Cumbers,mcumbersjq@joomla.org,Male,63.195.212.23
1712,Osbert,Doeg,odoegjr@t-online.de,Male,59.229.98.98
1713,Harriott,Beeston,hbeestonjs@foxnews.com,Female,132.32.91.34
1714,Babbette,Guiduzzi,bguiduzzijt@businessweek.com,Female,58.224.87.174
1715,Brody,Linnemann,blinnemannju@toplist.cz,Male,34.184.150.91
1716,Loydie,Karlik,lkarlikjv@cnbc.com,Male,220.160.47.99
1717,Gib,Brambell,gbrambelljw@scribd.com,Male,169.33.254.121
1718,Monro,McFaul,mmcfauljx@cnbc.com,Non-binary,2.214.227.183
1719,Carine,Creasey,ccreaseyjy@usgs.gov,Female,47.22.204.193
1720,Rube,O'Lynn,rolynnjz@ca.gov,Male,232.132.105.76
1721,Dall,Cesconi,dcesconik0@sourceforge.net,Male,135.197.86.61
1722,Sandye,Kunze,skunzek1@twitter.com,Female,247.248.253.43
1723,Tobe,Seville,tsevillek2@opera.com,Female,3.9.19.208
1724,Robbie,Hosier,rhosierk3@g.co,Male,176.124.86.213
1725,Townsend,Rapa,trapak4@slate.com,Male,252.33.229.30
1726,Martelle,Tincey,mtinceyk5@123-reg.co.uk,Female,216.198.210.77
1727,Gibbie,Arent,garentk6@virginia.edu,Male,55.92.59.25
1728,Boone,Errigo,berrigok7@bravesites.com,Male,117.0.199.180
1729,Andrey,Burkitt,aburkittk8@tmall.com,Male,44.194.11.241
1730,Ardisj,Yeeles,ayeelesk9@home.pl,Female,208.162.153.151
1731,Melony,Stinson,mstinsonka@sina.com.cn,Female,226.124.227.173
1732,Abraham,Ord,aordkb@smugmug.com,Male,144.166.38.188
1733,Antonie,Dot,adotkc@i2i.jp,Female,41.244.125.115
1734,Erskine,Hadny,ehadnykd@delicious.com,Male,226.43.253.54
1735,Corney,Warrener,cwarrenerke@webs.com,Male,70.137.212.220
1736,Arlina,Attwood,aattwoodkf@unicef.org,Female,249.162.142.110
1737,Salvidor,Bygate,sbygatekg@mit.edu,Non-binary,46.124.85.234
1738,Almeta,Cooksey,acookseykh@webmd.com,Female,52.128.175.65
1739,Ted,Beetles,tbeetleski@biblegateway.com,Female,32.79.96.26
1740,Cody,Schmidt,cschmidtkj@example.com,Female,64.30.231.65
1741,Delly,Iveagh,diveaghkk@yahoo.co.jp,Female,14.250.96.130
1742,Juan,Cloonan,jcloonankl@gizmodo.com,Male,18.206.63.166
1743,Guntar,Radcliffe,gradcliffekm@purevolume.com,Male,30.246.205.53
1744,Bealle,Stoves,bstoveskn@mozilla.com,Male,10.28.23.55
1745,Dulcia,Moloney,dmoloneyko@nba.com,Female,65.221.46.111
1746,Mab,Wingatt,mwingattkp@digg.com,Female,135.160.28.228
1747,Wilone,Kolyagin,wkolyaginkq@ehow.com,Female,13.81.149.125
1748,Alexei,McAmish,amcamishkr@ameblo.jp,Male,164.233.179.161
1749,Dominik,Kahn,dkahnks@huffingtonpost.com,Male,14.236.30.36
1750,Ruy,Fridaye,rfridayekt@barnesandnoble.com,Male,120.25.200.155
1751,Jedediah,Ashelford,jashelfordku@discuz.net,Male,155.179.28.103
1752,Deeyn,Gallico,dgallicokv@sogou.com,Female,41.142.105.201
1753,Lenna,Issacoff,lissacoffkw@behance.net,Female,217.214.192.253
1754,Loraine,Howett,lhowettkx@plala.or.jp,Female,150.75.178.116
1755,Mill,Kasher,mkasherky@woothemes.com,Male,239.6.141.116
1756,Bryon,Blowes,bbloweskz@nbcnews.com,Male,107.45.97.143
1757,Timoteo,Maydwell,tmaydwelll0@wisc.edu,Genderfluid,231.240.116.166
1758,Nadya,Stocking,nstockingl1@51.la,Female,147.208.125.123
1759,Noel,Sinnett,nsinnettl2@google.pl,Male,231.172.166.78
1760,Britta,Squibb,bsquibbl3@ted.com,Female,185.95.152.63
1761,Christophorus,Doughty,cdoughtyl4@timesonline.co.uk,Male,188.220.80.66
1762,Julian,Hallows,jhallowsl5@java.com,Male,113.124.162.126
1763,Isa,Yurocjkin,iyurocjkinl6@dmoz.org,Male,37.4.59.61
1764,Valle,Padmore,vpadmorel7@infoseek.co.jp,Male,13.192.189.252
1765,Theresina,Hillhouse,thillhousel8@facebook.com,Female,95.122.194.97
1766,Fancy,McIlmorie,fmcilmoriel9@dagondesign.com,Agender,164.30.22.116
1767,Marion,Lange,mlangela@gizmodo.com,Female,98.158.232.0
1768,Carl,Strowan,cstrowanlb@baidu.com,Non-binary,231.49.74.245
1769,Tadd,Ochterlony,tochterlonylc@pbs.org,Male,197.236.63.75
1770,Renae,Ambrogio,rambrogiold@newsvine.com,Female,123.119.93.89
1771,Pier,Bartkiewicz,pbartkiewiczle@time.com,Female,235.142.248.184
1772,Afton,Guppy,aguppylf@qq.com,Female,35.75.46.228
1773,Fawne,Tipping,ftippinglg@statcounter.com,Female,17.205.229.137
1774,Benny,Sandercroft,bsandercroftlh@jiathis.com,Male,180.10.139.207
1775,Bobine,Cockrell,bcockrellli@nba.com,Female,211.196.206.154
1776,Leonard,Oakenford,loakenfordlj@altervista.org,Male,242.192.155.220
1777,Brigham,Sango,bsangolk@sphinn.com,Bigender,47.244.197.254
1778,Maye,Raithbie,mraithbiell@storify.com,Female,105.60.251.122
1779,Aggie,Pottell,apottelllm@google.co.jp,Female,23.160.88.192
1780,Cleavland,Pikhno,cpikhnoln@hatena.ne.jp,Agender,62.45.66.119
1781,Timmie,Stacy,tstacylo@telegraph.co.uk,Polygender,255.84.163.189
1782,Weylin,Dolle,wdollelp@booking.com,Male,112.125.156.116
1783,Josefina,Deer,jdeerlq@ow.ly,Female,23.76.87.216
1784,Catharina,Perfili,cperfililr@epa.gov,Female,212.197.30.1
1785,Damara,Baudins,dbaudinsls@fc2.com,Female,92.140.60.250
1786,Filippa,Pude,fpudelt@discovery.com,Female,176.155.9.241
1787,Chick,Bereford,cberefordlu@salon.com,Male,239.166.123.29
1788,Evangelin,Blincow,eblincowlv@reference.com,Bigender,124.90.54.13
1789,Isacco,Gulston,igulstonlw@g.co,Male,93.55.136.15
1790,Violette,Szymon,vszymonlx@uiuc.edu,Female,185.10.109.222
1791,Robby,Tindley,rtindleyly@youtube.com,Female,255.248.234.69
1792,Carmelia,Aldwich,caldwichlz@ehow.com,Female,15.75.56.107
1793,Jeramie,Phear,jphearm0@bbb.org,Male,115.144.155.175
1794,Moria,Huertas,mhuertasm1@indiegogo.com,Female,167.200.106.157
1795,Enos,Cann,ecannm2@youtube.com,Genderfluid,197.101.197.121
1796,Niels,Calderon,ncalderonm3@so-net.ne.jp,Male,31.19.75.136
1797,Verla,Topley,vtopleym4@goo.gl,Female,14.79.235.109
1798,Antonino,Mattock,amattockm5@xing.com,Male,234.127.245.79
1799,Devlin,Tissington,dtissingtonm6@so-net.ne.jp,Male,69.34.4.174
1800,Der,Huggett,dhuggettm7@pcworld.com,Male,209.164.50.154
1801,Gibb,Labeuil,glabeuilm8@biglobe.ne.jp,Male,138.232.81.36
1802,Abbi,Bawme,abawmem9@e-recht24.de,Female,48.249.204.44
1803,Rhea,Keers,rkeersma@arizona.edu,Female,243.202.38.102
1804,Raimund,Lovelady,rloveladymb@hubpages.com,Male,13.119.175.159
1805,Aubrey,Onthank,aonthankmc@youku.com,Male,67.11.125.72
1806,Minerva,Osbourne,mosbournemd@spotify.com,Female,130.89.6.226
1807,Mattie,King,mkingme@sourceforge.net,Male,44.237.201.216
1808,Elvera,McAne,emcanemf@state.tx.us,Female,107.236.255.243
1809,Twila,Northwood,tnorthwoodmg@jugem.jp,Female,149.57.90.246
1810,Levin,Blue,lbluemh@51.la,Male,27.129.172.218
1811,Rowan,Kuban,rkubanmi@alibaba.com,Male,6.98.235.214
1812,Ari,Bridger,abridgermj@tripadvisor.com,Male,109.39.50.209
1813,Michaeline,Chipps,mchippsmk@unicef.org,Female,87.3.88.62
1814,Garrett,Kenward,gkenwardml@amazonaws.com,Male,103.68.10.232
1815,Mikael,Trayton,mtraytonmm@patch.com,Male,72.45.239.146
1816,Sioux,Bettinson,sbettinsonmn@furl.net,Non-binary,76.209.40.11
1817,Carolynn,Caldron,ccaldronmo@123-reg.co.uk,Female,166.80.113.20
1818,Jilly,Bishopp,jbishoppmp@flavors.me,Female,114.55.166.121
1819,Isabel,Driffill,idriffillmq@over-blog.com,Female,161.191.110.134
1820,Sharon,Belfit,sbelfitmr@wufoo.com,Female,187.161.133.178
1821,Nathanil,Fairtlough,nfairtloughms@dot.gov,Male,63.55.34.67
1822,Lorilyn,Towers,ltowersmt@washingtonpost.com,Female,80.55.178.140
1823,Kore,Alcorn,kalcornmu@pbs.org,Female,157.50.55.147
1824,Brandtr,Castellino,bcastellinomv@sbwire.com,Genderqueer,89.92.154.117
1825,Verina,Atger,vatgermw@elegantthemes.com,Female,143.112.53.92
1826,Georgina,Tear,gtearmx@narod.ru,Female,236.239.138.136
1827,Clio,Bayns,cbaynsmy@photobucket.com,Female,223.187.187.203
1828,Jammal,Longo,jlongomz@wordpress.com,Male,97.117.174.206
1829,Fey,Barajaz,fbarajazn0@msu.edu,Female,70.108.25.34
1830,Mathias,Shanklin,mshanklinn1@phpbb.com,Male,90.63.48.198
1831,Olympe,Tran,otrann2@about.me,Female,142.220.76.254
1832,Kayla,Wisker,kwiskern3@ed.gov,Female,157.1.6.24
1833,Gran,Zuan,gzuann4@woothemes.com,Male,53.93.186.129
1834,Marijn,O'Fallone,mofallonen5@miitbeian.gov.cn,Male,163.138.56.2
1835,Mathias,Leipoldt,mleipoldtn6@tumblr.com,Male,240.227.153.89
1836,Carolina,Ewbanke,cewbanken7@networkadvertising.org,Female,142.54.237.254
1837,Maiga,Bricksey,mbrickseyn8@cmu.edu,Genderfluid,227.63.204.137
1838,Lory,Vokins,lvokinsn9@psu.edu,Female,131.177.100.248
1839,Timi,Griffoen,tgriffoenna@google.fr,Female,115.124.228.202
1840,Deanna,Tuxill,dtuxillnb@cloudflare.com,Female,94.120.142.164
1841,Padgett,Valens-Smith,pvalenssmithnc@xing.com,Male,64.179.184.96
1842,Paulita,Mashal,pmashalnd@123-reg.co.uk,Female,135.14.45.48
1843,Mathias,Freegard,mfreegardne@cornell.edu,Male,150.164.29.103
1844,Emelen,Baress,ebaressnf@phpbb.com,Male,201.92.122.33
1845,Kris,Verbrugge,kverbruggeng@cyberchimps.com,Female,123.127.186.75
1846,Kahaleel,Swancott,kswancottnh@360.cn,Male,35.186.10.43
1847,Retha,Trass,rtrassni@google.com.au,Female,197.103.116.77
1848,Laurel,McAuslan,lmcauslannj@barnesandnoble.com,Female,146.91.2.79
1849,Piotr,Nano,pnanonk@arstechnica.com,Male,182.236.235.223
1850,Kathy,Boards,kboardsnl@google.de,Female,80.29.37.73
1851,Bonnee,Kennea,bkenneanm@last.fm,Female,15.220.140.89
1852,Avrom,Verzey,averzeynn@privacy.gov.au,Male,150.230.217.178
1853,Marybelle,Sarfatti,msarfattino@marriott.com,Female,137.23.63.114
1854,Woodie,Prue,wpruenp@usa.gov,Male,121.100.218.143
1855,Krishnah,Dorant,kdorantnq@independent.co.uk,Male,74.45.172.73
1856,Kalie,Devenish,kdevenishnr@china.com.cn,Female,55.40.62.205
1857,Candida,Breed,cbreedns@xrea.com,Female,113.103.240.82
1858,Janice,Bayford,jbayfordnt@weibo.com,Female,225.221.31.219
1859,Con,Dagleas,cdagleasnu@adobe.com,Male,20.152.61.229
1860,Kingsly,Rowbottom,krowbottomnv@mtv.com,Male,60.115.240.98
1861,Lek,Joriot,ljoriotnw@msn.com,Male,179.8.255.155
1862,Sandye,McGrirl,smcgrirlnx@salon.com,Female,244.14.251.78
1863,Kial,Gostling,kgostlingny@123-reg.co.uk,Female,51.25.80.213
1864,Ignaz,Hasted,ihastednz@bbc.co.uk,Male,193.46.173.49
1865,Mayer,Ticehurst,mticehursto0@tripadvisor.com,Male,136.255.58.226
1866,Tobe,Chupin,tchupino1@soundcloud.com,Female,120.154.23.165
1867,Dorian,Shoobridge,dshoobridgeo2@narod.ru,Male,108.59.145.41
1868,Osbourn,Napper,onappero3@mozilla.com,Male,104.134.49.7
1869,Erna,Campbell-Dunlop,ecampbelldunlopo4@last.fm,Female,21.122.55.163
1870,Salem,Voisey,svoiseyo5@businessweek.com,Male,246.180.41.218
1871,Joni,Chifney,jchifneyo6@cbc.ca,Female,145.102.175.20
1872,Julie,Gerardot,jgerardoto7@meetup.com,Male,234.75.43.61
1873,Samara,Nissle,snissleo8@topsy.com,Female,106.24.90.115
1874,Fernanda,Bidnall,fbidnallo9@altervista.org,Female,92.136.63.224
1875,Pepi,Snufflebottom,psnufflebottomoa@squidoo.com,Female,231.150.178.40
1876,Benn,MacKeller,bmackellerob@auda.org.au,Male,18.83.175.144
1877,Ringo,Bidewell,rbidewelloc@icio.us,Male,54.234.54.237
1878,Pip,Porson,pporsonod@alexa.com,Male,208.58.190.60
1879,Ian,Skoyles,iskoylesoe@imageshack.us,Bigender,192.75.218.130
1880,Leonie,Lightman,llightmanof@instagram.com,Genderqueer,89.59.216.74
1881,Valma,Coots,vcootsog@wired.com,Genderqueer,135.174.146.201
1882,Irena,Sturdy,isturdyoh@nyu.edu,Female,142.196.198.174
1883,Winslow,Baumler,wbaumleroi@blogs.com,Male,29.41.21.189
1884,Kimbell,Candlin,kcandlinoj@bbc.co.uk,Non-binary,103.55.24.60
1885,Anica,Craigg,acraiggok@webnode.com,Female,135.21.188.74
1886,Leigh,Benham,lbenhamol@java.com,Female,221.9.50.58
1887,Ulrica,Fenby,ufenbyom@nsw.gov.au,Female,91.97.1.246
1888,Andrej,Pocklington,apocklingtonon@slideshare.net,Male,187.202.117.194
1889,Davita,Cherm,dchermoo@toplist.cz,Female,25.57.222.212
1890,Archambault,Le-Good,alegoodop@shinystat.com,Male,250.102.227.93
1891,Marjy,Redon,mredonoq@chron.com,Female,227.21.108.58
1892,Guillemette,Nosworthy,gnosworthyor@pbs.org,Female,168.146.90.209
1893,Joelle,Elphey,jelpheyos@artisteer.com,Female,48.128.145.8
1894,Andriette,Sinderland,asinderlandot@toplist.cz,Female,171.210.133.73
1895,Datha,Wasteney,dwasteneyou@dot.gov,Female,70.236.232.102
1896,Georgy,Crowcum,gcrowcumov@cnet.com,Male,167.5.166.182
1897,Piotr,Catterill,pcatterillow@scribd.com,Male,17.145.140.16
1898,Sella,Burwin,sburwinox@alibaba.com,Female,237.184.238.195
1899,Maurizia,Klimsch,mklimschoy@youtu.be,Female,247.188.201.13
1900,Adina,Tomini,atominioz@xinhuanet.com,Female,127.237.177.94
1901,Winfield,Magnar,wmagnarp0@buzzfeed.com,Male,53.106.192.191
1902,Annmaria,Roycroft,aroycroftp1@sbwire.com,Female,136.208.67.67
1903,Amelia,Roon,aroonp2@aol.com,Genderfluid,102.5.92.16
1904,Mill,Shynn,mshynnp3@people.com.cn,Male,246.219.191.227
1905,Mellisent,Eversley,meversleyp4@fda.gov,Female,100.170.130.144
1906,Sadye,Challenor,schallenorp5@multiply.com,Female,96.75.5.171
1907,Huntley,Magwood,hmagwoodp6@scribd.com,Male,237.186.173.61
1908,Darius,Duchart,dduchartp7@weibo.com,Male,80.226.112.47
1909,Coretta,Habercham,chaberchamp8@dot.gov,Female,64.116.187.239
1910,Tobye,Hasely,thaselyp9@tamu.edu,Female,165.210.136.46
1911,Vida,Benjefield,vbenjefieldpa@shutterfly.com,Female,101.146.71.60
1912,Linnea,Delyth,ldelythpb@mashable.com,Female,195.9.213.203
1913,Zabrina,Dranfield,zdranfieldpc@ox.ac.uk,Female,254.14.53.221
1914,Gertruda,Finneran,gfinneranpd@jalbum.net,Female,60.177.198.200
1915,Patrick,Gilvary,pgilvarype@shinystat.com,Male,148.179.52.146
1916,Eldredge,Burker,eburkerpf@unc.edu,Male,215.113.72.129
1917,Flin,Mordan,fmordanpg@drupal.org,Male,22.34.43.163
1918,Poppy,Espadero,pespaderoph@arizona.edu,Female,149.72.28.34
1919,Donna,Frosdick,dfrosdickpi@boston.com,Female,188.168.225.102
1920,Ric,McTerrelly,rmcterrellypj@blogs.com,Male,111.103.73.230
1921,Merrilee,Cooper,mcooperpk@desdev.cn,Female,181.254.167.159
1922,Kathlin,Tippett,ktippettpl@comcast.net,Female,196.120.152.253
1923,Rick,Goricke,rgorickepm@oracle.com,Male,213.232.28.99
1924,Calley,Gronav,cgronavpn@clickbank.net,Female,79.36.149.193
1925,Maury,de Lloyd,mdelloydpo@mediafire.com,Male,75.138.159.85
1926,Christyna,Camilletti,ccamillettipp@hugedomains.com,Female,66.137.254.189
1927,Sherm,Rosle,sroslepq@stumbleupon.com,Male,25.11.205.123
1928,Parke,Denes,pdenespr@sakura.ne.jp,Male,9.50.166.51
1929,Uriel,Birdwhistell,ubirdwhistellps@blogger.com,Male,119.93.180.112
1930,Ruddy,Janousek,rjanousekpt@wordpress.org,Male,114.137.160.179
1931,Lebbie,Bellord,lbellordpu@state.gov,Female,27.197.141.168
1932,Axel,Vigrass,avigrasspv@livejournal.com,Non-binary,46.155.245.254
1933,Noam,Aldus,nalduspw@pen.io,Male,25.181.105.41
1934,Hedwig,Antrack,hantrackpx@ask.com,Female,133.176.228.147
1935,Babette,Carncross,bcarncrosspy@hud.gov,Female,148.227.157.143
1936,Drugi,Irons,dironspz@hubpages.com,Male,209.141.71.140
1937,Templeton,Swadden,tswaddenq0@statcounter.com,Male,71.147.114.44
1938,Vernen,Gammie,vgammieq1@google.co.uk,Male,204.120.130.179
1939,Lorinda,Bennington,lbenningtonq2@tuttocitta.it,Female,120.161.252.22
1940,Michelle,Gollin,mgollinq3@godaddy.com,Female,140.96.158.75
1941,Vanya,Schoular,vschoularq4@icio.us,Male,177.238.210.203
1942,Shaun,Fonzo,sfonzoq5@people.com.cn,Polygender,78.34.94.185
1943,Tommie,Sammon,tsammonq6@flavors.me,Male,168.50.214.64
1944,Adena,Lippiett,alippiettq7@foxnews.com,Female,123.231.90.80
1945,Jenn,Mantione,jmantioneq8@ucoz.ru,Female,218.25.21.136
1946,Filberto,Moorwood,fmoorwoodq9@bloomberg.com,Male,128.160.214.180
1947,Gertrude,Skeates,gskeatesqa@senate.gov,Female,69.76.176.27
1948,Sol,Gheorghie,sgheorghieqb@chicagotribune.com,Male,104.132.104.175
1949,Orbadiah,Orchart,oorchartqc@sfgate.com,Male,93.188.66.32
1950,Mel,Gibard,mgibardqd@cargocollective.com,Male,123.151.8.252
1951,Joaquin,Czyz,jczyzqe@so-net.ne.jp,Male,180.102.45.65
1952,Galven,Seneschal,gseneschalqf@nyu.edu,Male,175.14.243.156
1953,Cece,Steiner,csteinerqg@themeforest.net,Male,58.147.155.230
1954,Giustina,Rider,griderqh@gizmodo.com,Female,229.206.94.162
1955,Marshall,Twinborne,mtwinborneqi@spiegel.de,Male,27.121.155.7
1956,Davy,Quincey,dquinceyqj@un.org,Male,147.120.135.245
1957,Flinn,Foskett,ffoskettqk@shinystat.com,Polygender,95.162.75.70
1958,Linnet,Digman,ldigmanql@hud.gov,Agender,222.26.111.206
1959,Sioux,McWilliams,smcwilliamsqm@bravesites.com,Non-binary,103.71.206.199
1960,Zaccaria,McKinnell,zmckinnellqn@addthis.com,Male,23.104.7.69
1961,Tanner,Rowlands,trowlandsqo@reuters.com,Male,57.48.60.92
1962,Valentine,Fellows,vfellowsqp@merriam-webster.com,Male,112.98.70.167
1963,Buck,McTague,bmctagueqq@skyrock.com,Male,218.69.141.225
1964,Miguelita,Bullent,mbullentqr@hc360.com,Female,59.253.71.102
1965,Alfy,Kinastan,akinastanqs@chicagotribune.com,Non-binary,120.131.126.90
1966,Douglass,Sergeaunt,dsergeauntqt@imageshack.us,Male,212.250.131.160
1967,Hally,Neesham,hneeshamqu@theglobeandmail.com,Female,152.240.85.1
1968,Adlai,Ivanikov,aivanikovqv@github.io,Male,59.163.7.65
1969,Lynea,Sidlow,lsidlowqw@mtv.com,Female,49.153.229.114
1970,Dean,Begin,dbeginqx@smh.com.au,Male,23.90.139.168
1971,Dana,Worcester,dworcesterqy@oaic.gov.au,Male,156.155.172.108
1972,Massimiliano,Falks,mfalksqz@ucoz.ru,Male,135.10.97.212
1973,Yorke,Ionnisian,yionnisianr0@rambler.ru,Male,62.148.222.232
1974,Gray,Nardoni,gnardonir1@umn.edu,Male,118.72.107.79
1975,Adriaens,Cumine,acuminer2@apple.com,Female,92.30.41.124
1976,Gillie,Haining,ghainingr3@java.com,Female,255.14.228.126
1977,Becky,Jopp,bjoppr4@census.gov,Female,109.227.254.205
1978,Aldous,Neve,anever5@who.int,Male,139.129.159.214
1979,Waring,Dyte,wdyter6@freewebs.com,Male,104.220.60.186
1980,Twyla,Emblow,temblowr7@plala.or.jp,Female,77.158.141.136
1981,Gearalt,Crotch,gcrotchr8@lycos.com,Male,12.104.252.137
1982,Gibb,Ower,gowerr9@google.es,Male,99.81.178.223
1983,Janet,Halifax,jhalifaxra@a8.net,Female,72.251.106.104
1984,Jania,Formby,jformbyrb@freewebs.com,Female,190.127.70.116
1985,Berny,Lethbury,blethburyrc@github.io,Male,29.71.25.70
1986,Humbert,Ughetti,hughettird@ucoz.com,Male,35.189.233.44
1987,Andriana,Bonnick,abonnickre@istockphoto.com,Female,191.114.94.167
1988,Emelita,Dorran,edorranrf@hostgator.com,Female,230.6.17.211
1989,Bealle,Ishak,bishakrg@yellowbook.com,Male,214.160.95.120
1990,Yehudi,Dzeniskevich,ydzeniskevichrh@state.gov,Male,120.62.234.139
1991,Ellie,Elmhirst,eelmhirstri@noaa.gov,Female,5.245.59.51
1992,Mattheus,Capelle,mcapellerj@weather.com,Male,225.93.100.124
1993,Alfy,Bradbury,abradburyrk@auda.org.au,Female,210.128.154.50
1994,Emmery,Terne,eternerl@privacy.gov.au,Male,47.231.104.86
1995,Corney,Udey,cudeyrm@wiley.com,Male,105.113.230.163
1996,Astra,Dunthorn,adunthornrn@csmonitor.com,Female,250.47.211.113
1997,Tarra,Rojahn,trojahnro@seesaa.net,Female,226.16.158.35
1998,Truda,Baffin,tbaffinrp@addthis.com,Female,94.74.13.26
1999,Noak,Petche,npetcherq@senate.gov,Male,125.11.113.8
2000,Bink,Moquin,bmoquinrr@netscape.com,Male,45.48.12.42
