id,first_name,last_name,email,gender,ip_address
101,Rosalind,Losano,rlosano0@squidoo.com,Female,149.72.170.59
102,Hakeem,Wherry,hwherry1@cisco.com,Male,151.89.25.223
103,Kenon,Tieraney,ktieraney2@nature.com,Male,243.203.68.221
104,Emilia,Cunnane,ecunnane3@liveinternet.ru,Female,244.78.99.83
105,Norean,Deviney,ndeviney4@gravatar.com,Female,85.37.170.189
106,Janith,Threlkeld,jthrelkeld5@free.fr,Female,216.141.91.74
107,Derward,Giddens,dgiddens6@dailymotion.com,Male,151.33.107.51
108,Mohandas,Cuniam,mcuniam7@hibu.com,Non-binary,27.31.212.163
109,Carrol,Ralling,cralling8@issuu.com,Male,60.123.91.97
110,Galven,Bembrigg,gbembrigg9@facebook.com,Male,113.112.226.170
111,Zulema,Becker,zbeckera@webmd.com,Female,16.101.231.176
112,Jone,Beven,jbevenb@devhub.com,Male,106.39.130.6
113,Gisele,Mocquer,gmocquerc@statcounter.com,Female,240.229.22.76
114,Baudoin,Alasdair,balasdaird@mashable.com,Male,213.54.128.154
115,Karlen,Cushion,kcushione@hibu.com,Female,222.132.58.253
116,Weber,Lutman,wlutmanf@clickbank.net,Male,155.161.129.206
117,Leeanne,Grindell,lgrindellg@theatlantic.com,Female,116.6.170.57
118,Mal,Inkpen,minkpenh@slideshare.net,Male,73.207.0.83
119,Hobie,Imlaw,himlawi@mit.edu,Male,237.155.20.65
120,Patrick,Anand,panandj@smugmug.com,Male,223.23.22.1
121,Marquita,Olin,molink@constantcontact.com,Female,55.168.238.59
122,Rosanna,Brooks,rbrooksl@wix.com,Female,47.97.43.167
123,Herman,Gilligan,hgilliganm@ask.com,Male,138.239.171.114
124,Camilla,Hegerty,chegertyn@shutterfly.com,Female,176.121.19.117
125,Kaylyn,Headly,kheadlyo@lycos.com,Female,90.170.246.184
126,Ranique,Chominski,rchominskip@latimes.com,Female,214.111.116.170
127,Enid,Bartles,ebartlesq@google.cn,Bigender,215.172.21.175
128,Leeann,McInteer,lmcinteerr@aboutads.info,Female,180.116.80.145
129,Freddi,Ripper,frippers@elegantthemes.com,Female,242.160.186.129
130,Norma,Twyning,ntwyningt@nydailynews.com,Female,233.204.208.145
131,Minette,Phillipp,mphillippu@homestead.com,Female,209.97.13.177
132,Gilbert,Ferres,gferresv@mediafire.com,Male,25.4.173.111
133,Ninnetta,de Courcey,ndecourceyw@senate.gov,Non-binary,184.145.11.247
134,Chico,Thorpe,cthorpex@mapquest.com,Male,23.179.239.20
135,Shelagh,Dorro,sdorroy@taobao.com,Female,30.47.67.255
136,Lida,Brecken,lbreckenz@github.io,Non-binary,222.239.26.10
137,Wadsworth,Quye,wquye10@newsvine.com,Male,212.50.141.59
138,Scotti,Purches,spurches11@engadget.com,Male,65.161.184.31
139,Lefty,Edinburgh,ledinburgh12@google.cn,Male,19.111.53.240
140,Rod,Gheorghescu,rgheorghescu13@arizona.edu,Male,185.229.89.225
141,Ignazio,Craw,icraw14@amazonaws.com,Male,237.84.107.47
142,Manfred,Guisler,mguisler15@chron.com,Male,208.67.82.176
143,Silvio,Rivilis,srivilis16@mozilla.com,Male,136.118.243.86
144,Whitaker,Kingsnode,wkingsnode17@nationalgeographic.com,Male,77.142.54.235
145,Audrye,Slad,aslad18@msn.com,Female,233.142.177.49
146,Emmalee,Durrance,edurrance19@blogtalkradio.com,Female,191.143.251.50
147,Brina,McGall,bmcgall1a@apache.org,Polygender,130.183.241.27
148,Maurise,Bradfield,mbradfield1b@amazon.co.jp,Male,216.163.105.13
149,Margette,Flintiff,mflintiff1c@360.cn,Female,226.149.41.44
150,Gabbey,Gerdes,ggerdes1d@typepad.com,Female,57.65.176.66
151,Matthaeus,Espinosa,mespinosa1e@mapquest.com,Male,92.106.146.255
152,Lance,Iglesiaz,liglesiaz1f@example.com,Male,61.131.135.33
153,Steward,Rapport,srapport1g@ask.com,Male,155.233.167.236
154,Gordon,Lurriman,glurriman1h@twitpic.com,Non-binary,115.33.245.212
155,Kristofor,Budge,kbudge1i@amazon.co.jp,Male,227.193.124.173
156,Nataniel,Fearenside,nfearenside1j@bandcamp.com,Male,62.75.237.151
157,Kyrstin,Shortcliffe,kshortcliffe1k@who.int,Female,176.217.190.14
158,Freeland,Balmer,fbalmer1l@sohu.com,Bigender,76.20.126.218
159,Fania,Oattes,foattes1m@g.co,Female,195.216.24.20
160,Mace,Popplestone,mpopplestone1n@sina.com.cn,Male,158.85.223.213
161,Gloria,Aveson,gaveson1o@miibeian.gov.cn,Female,168.77.116.163
162,Berkeley,Allsepp,ballsepp1p@nasa.gov,Male,172.215.34.132
163,Beryl,Ivanikov,bivanikov1q@cbc.ca,Female,0.150.62.142
164,Chrysler,Cust,ccust1r@harvard.edu,Agender,165.157.191.140
165,Ciel,Spray,cspray1s@time.com,Female,26.165.48.0
166,Jennine,Huleatt,jhuleatt1t@tuttocitta.it,Female,31.85.175.222
167,Debera,Krelle,dkrelle1u@cyberchimps.com,Female,181.172.108.87
168,Suzanna,Cruikshanks,scruikshanks1v@ucoz.com,Female,211.251.162.152
169,Christophe,Bennough,cbennough1w@si.edu,Male,204.161.182.196
170,Rene,Moffat,rmoffat1x@joomla.org,Female,235.119.175.42
171,Joceline,Loudyan,jloudyan1y@netvibes.com,Non-binary,201.212.40.139
172,Lois,Porcher,lporcher1z@techcrunch.com,Female,81.230.162.54
173,Marla,McBoyle,mmcboyle20@domainmarket.com,Female,169.246.231.51
174,Kareem,Gault,kgault21@nymag.com,Genderfluid,106.201.248.89
175,Tamarah,Capeling,tcapeling22@imageshack.us,Bigender,42.62.112.154
176,Hashim,Demer,hdemer23@state.tx.us,Male,146.16.161.135
177,Ringo,Balaam,rbalaam24@google.fr,Male,20.131.225.97
178,Constantin,Sobey,csobey25@issuu.com,Male,147.110.211.183
179,Edin,Lamar,elamar26@addthis.com,Female,45.251.80.245
180,Loree,Crone,lcrone27@sina.com.cn,Female,106.252.235.57
181,Pryce,Glavis,pglavis28@guardian.co.uk,Male,221.79.115.148
182,Conan,Hackworthy,chackworthy29@mit.edu,Male,38.17.46.160
183,Lyndy,Dalgarno,ldalgarno2a@geocities.jp,Female,123.138.84.102
184,Dorry,Eveleigh,develeigh2b@yolasite.com,Female,124.55.156.125
185,Hayden,Antliff,hantliff2c@mediafire.com,Male,101.15.129.14
186,Barnie,MacFadzan,bmacfadzan2d@cmu.edu,Male,192.137.237.6
187,Corine,Tatnell,ctatnell2e@jalbum.net,Female,112.155.92.174
188,Orelie,Mewes,omewes2f@washington.edu,Female,92.126.91.131
189,Ware,Levane,wlevane2g@blogs.com,Male,119.149.33.187
190,Balduin,Dron,bdron2h@spiegel.de,Male,86.172.91.36
191,Christiane,Fradson,cfradson2i@fema.gov,Female,176.240.240.119
192,Julius,Ambler,jambler2j@usa.gov,Male,64.212.54.150
193,Cinnamon,Eayrs,ceayrs2k@bravesites.com,Female,98.162.74.53
194,Rebeka,Capes,rcapes2l@reverbnation.com,Female,122.215.77.140
195,Franz,De Haven,fdehaven2m@foxnews.com,Male,69.193.22.29
196,Vince,Aartsen,vaartsen2n@posterous.com,Male,246.74.54.115
197,Emelina,Johanchon,ejohanchon2o@wix.com,Female,52.191.40.202
198,Lindsay,Quilkin,lquilkin2p@skyrock.com,Female,149.123.108.161
199,Holt,Pautot,hpautot2q@bizjournals.com,Male,196.36.56.11
200,Wandis,Burehill,wburehill2r@vk.com,Female,171.6.147.215
201,Pembroke,Clemmen,pclemmen2s@prweb.com,Male,131.177.76.99
202,Iormina,Deakan,ideakan2t@examiner.com,Female,2.185.108.86
203,Aurelea,Fain,afain2u@weibo.com,Female,43.192.39.13
204,Aurlie,Dunmore,adunmore2v@cmu.edu,Female,170.22.226.222
205,Thain,McCrudden,tmccrudden2w@ed.gov,Male,137.175.17.75
206,Xever,Corey,xcorey2x@theglobeandmail.com,Male,158.15.37.19
207,Imojean,Westmarland,iwestmarland2y@hud.gov,Female,73.155.33.197
208,Marinna,Padula,mpadula2z@boston.com,Female,17.227.102.144
209,Jacquelyn,MacGillacolm,jmacgillacolm30@stumbleupon.com,Female,215.53.31.212
210,Freida,Fowkes,ffowkes31@facebook.com,Female,16.91.200.4
211,Manya,Dunkerton,mdunkerton32@1und1.de,Female,146.126.46.3
212,Cathleen,Barnfather,cbarnfather33@ft.com,Female,174.93.78.0
213,Wylma,Selwin,wselwin34@cafepress.com,Female,146.136.3.51
214,Giorgio,Konneke,gkonneke35@tumblr.com,Male,182.77.1.61
215,Harbert,Farquharson,hfarquharson36@desdev.cn,Male,21.164.183.129
216,Kaye,Yule,kyule37@vimeo.com,Female,5.184.28.161
217,Yevette,Rosbotham,yrosbotham38@fema.gov,Female,173.86.244.223
218,Gale,Luckwell,gluckwell39@dagondesign.com,Non-binary,17.125.39.13
219,Katharyn,Tschirschky,ktschirschky3a@harvard.edu,Female,90.60.185.197
220,Hillier,Frantsev,hfrantsev3b@pagesperso-orange.fr,Polygender,84.46.22.140
221,Marlane,Dewane,mdewane3c@cisco.com,Female,34.170.66.69
222,Roddy,Siggee,rsiggee3d@abc.net.au,Male,92.50.25.57
223,Cobbie,Winridge,cwinridge3e@cocolog-nifty.com,Male,250.193.254.51
224,Toddy,Waslin,twaslin3f@woothemes.com,Male,135.168.201.41
225,Nicolai,Rimbault,nrimbault3g@multiply.com,Male,35.158.40.118
226,Berke,Markson,bmarkson3h@mediafire.com,Male,33.74.65.85
227,Dinah,Baptie,dbaptie3i@tmall.com,Female,191.242.216.213
228,Barrett,Burling,bburling3j@reverbnation.com,Polygender,235.71.37.47
229,Vonni,Columbell,vcolumbell3k@blog.com,Female,110.187.190.73
230,Erinna,Neiland,eneiland3l@chron.com,Female,194.172.181.6
231,Kellie,Kinnar,kkinnar3m@ihg.com,Female,134.169.152.73
232,Amandie,Pendock,apendock3n@themeforest.net,Agender,119.14.170.149
233,Antonia,Eskrigg,aeskrigg3o@merriam-webster.com,Female,233.56.221.23
234,Ermentrude,Caulwell,ecaulwell3p@businessweek.com,Female,143.44.62.80
235,Orin,Weinberg,oweinberg3q@squidoo.com,Male,189.252.108.69
236,Jobie,Yacobsohn,jyacobsohn3r@epa.gov,Female,143.57.227.59
237,Sheryl,O'Harney,soharney3s@omniture.com,Female,235.111.10.213
238,Trescha,Shefton,tshefton3t@bandcamp.com,Female,121.232.139.54
239,Fianna,Oki,foki3u@shutterfly.com,Female,206.13.101.35
240,Dorie,Pietasch,dpietasch3v@state.tx.us,Male,5.3.115.155
241,Egon,McMaster,emcmaster3w@4shared.com,Male,192.249.252.108
242,Ewen,Raw,eraw3x@facebook.com,Male,194.17.111.27
243,Fanya,O'Crevan,focrevan3y@reddit.com,Female,75.200.227.29
244,Ingeberg,Briant,ibriant3z@unicef.org,Female,45.107.108.181
245,Karlens,Crighten,kcrighten40@altervista.org,Male,5.61.133.25
246,Josephina,Woodburn,jwoodburn41@rakuten.co.jp,Female,95.147.43.200
247,Cynthy,Deverock,cdeverock42@answers.com,Female,193.25.206.64
248,Karylin,Cutts,kcutts43@creativecommons.org,Female,206.45.39.36
249,Saraann,Loud,sloud44@cpanel.net,Female,66.131.101.178
250,Turner,Monger,tmonger45@networkadvertising.org,Male,207.17.211.91
251,Leigha,Coxen,lcoxen46@vistaprint.com,Female,109.199.165.9
252,Eugenius,Suerz,esuerz47@google.it,Male,90.118.213.198
253,Rosaleen,Atkyns,ratkyns48@google.co.uk,Female,192.151.105.220
254,Barn,Loyd,bloyd49@networkadvertising.org,Male,144.182.77.170
255,Jeannine,McAlroy,jmcalroy4a@vk.com,Genderfluid,79.155.6.14
256,Guillermo,Antoniutti,gantoniutti4b@aboutads.info,Male,134.104.122.195
257,Mari,Geldard,mgeldard4c@opensource.org,Female,222.157.98.225
258,Britney,Brobak,bbrobak4d@uiuc.edu,Female,13.118.192.91
259,Ricky,Carlill,rcarlill4e@techcrunch.com,Male,16.150.124.85
260,Flory,Gaddie,fgaddie4f@wsj.com,Genderqueer,117.242.100.219
261,Quint,Joslow,qjoslow4g@theglobeandmail.com,Male,231.139.19.29
262,Roch,Phare,rphare4h@biblegateway.com,Female,59.221.41.140
263,Den,Blasiak,dblasiak4i@wikia.com,Male,119.148.29.95
264,Ronny,Skokoe,rskokoe4j@ovh.net,Male,237.77.25.24
265,Bat,O'Dempsey,bodempsey4k@webs.com,Male,41.120.3.186
266,Edeline,Fanshawe,efanshawe4l@amazon.co.uk,Female,221.224.118.54
267,Vasili,Dawidsohn,vdawidsohn4m@eventbrite.com,Male,209.28.187.86
268,Fonsie,Binton,fbinton4n@liveinternet.ru,Male,114.136.200.236
269,Worth,Sambidge,wsambidge4o@usa.gov,Male,92.205.12.136
270,Jermaine,Leveret,jleveret4p@ed.gov,Female,244.106.134.115
271,Lilas,Shayler,lshayler4q@usgs.gov,Female,58.169.46.210
272,Padgett,Ridulfo,pridulfo4r@xinhuanet.com,Male,241.218.224.146
273,Vinnie,Rigg,vrigg4s@mayoclinic.com,Male,223.146.133.123
274,Boycie,Coultar,bcoultar4t@blogspot.com,Male,26.88.129.70
275,Andy,Ballintime,aballintime4u@yahoo.co.jp,Female,84.193.109.171
276,Vasilis,Polson,vpolson4v@ucla.edu,Male,78.29.16.27
277,Lorilyn,Cockshot,lcockshot4w@boston.com,Female,118.50.77.185
278,Chrissie,Paffley,cpaffley4x@army.mil,Female,249.120.87.190
279,Andonis,Kenealy,akenealy4y@loc.gov,Male,250.226.210.2
280,Nona,McKintosh,nmckintosh4z@t.co,Female,168.34.22.226
281,Bonnie,Faccini,bfaccini50@salon.com,Female,99.250.83.46
282,Albrecht,Glowach,aglowach51@stumbleupon.com,Male,146.201.213.253
283,Leone,Warrell,lwarrell52@noaa.gov,Female,170.107.43.214
284,Gian,Braizier,gbraizier53@amazon.de,Male,96.98.91.34
285,Harcourt,Hilland,hhilland54@imgur.com,Male,181.105.5.75
286,Gerladina,Knapton,gknapton55@sourceforge.net,Polygender,75.145.17.172
287,Paulie,Shower,pshower56@fastcompany.com,Female,84.110.138.200
288,Byram,Mc Gorley,bmcgorley57@reverbnation.com,Male,216.191.19.204
289,Jeramie,Bramich,jbramich58@google.com,Agender,254.42.132.223
290,Courtnay,Reary,creary59@etsy.com,Male,113.142.96.62
291,Babbie,Sliney,bsliney5a@mail.ru,Female,41.210.149.64
292,Fairfax,Bryceson,fbryceson5b@nbcnews.com,Male,148.51.250.57
293,Sibyl,Spurrier,sspurrier5c@youtube.com,Female,134.247.224.62
294,Lotti,Rousell,lrousell5d@dropbox.com,Female,142.111.235.197
295,Stanleigh,Kenefick,skenefick5e@opensource.org,Genderfluid,208.175.201.236
296,Amanda,Baggally,abaggally5f@a8.net,Genderqueer,55.243.188.43
297,Gustave,Humberstone,ghumberstone5g@hugedomains.com,Male,59.135.170.163
298,Lenka,O'Bradane,lobradane5h@godaddy.com,Female,90.99.53.139
299,Grover,Didsbury,gdidsbury5i@wired.com,Non-binary,42.68.178.90
300,Hillyer,Ardling,hardling5j@rakuten.co.jp,Male,157.194.193.221
301,Finley,Ellerey,fellerey5k@umn.edu,Male,36.46.156.141
302,Margette,Jacobovitch,mjacobovitch5l@google.it,Female,98.88.83.6
303,Mureil,Blockley,mblockley5m@nydailynews.com,Female,102.20.27.248
304,Ogdan,Iiannoni,oiiannoni5n@google.pl,Male,82.85.121.23
305,Annabella,Dimsdale,adimsdale5o@typepad.com,Female,122.107.145.120
306,Worth,Bowerman,wbowerman5p@nymag.com,Male,116.42.192.190
307,Drew,Bayless,dbayless5q@so-net.ne.jp,Male,141.73.56.117
308,Kat,Frodsam,kfrodsam5r@histats.com,Female,156.64.219.162
309,Danya,Simms,dsimms5s@indiegogo.com,Male,63.202.182.34
310,Mona,Riden,mriden5t@github.com,Female,57.134.89.178
311,Nicolle,Nicholes,nnicholes5u@cisco.com,Female,150.129.238.22
312,Jany,Edmondson,jedmondson5v@ihg.com,Female,139.62.16.32
313,Adey,Vivian,avivian5w@surveymonkey.com,Female,106.235.8.248
314,Calley,Medd,cmedd5x@youku.com,Female,46.139.63.218
315,Dalston,Michelle,dmichelle5y@yolasite.com,Male,154.137.28.131
316,Gayle,Watkins,gwatkins5z@comsenz.com,Male,38.83.104.12
317,Bendick,Gradon,bgradon60@github.io,Male,143.221.208.11
318,Annora,Dederich,adederich61@addthis.com,Female,51.81.202.158
319,Izabel,Ridding,iridding62@cafepress.com,Genderqueer,28.161.162.10
320,Rich,Lyttle,rlyttle63@sitemeter.com,Male,159.172.30.180
321,Gaye,Begin,gbegin64@sourceforge.net,Female,20.208.93.195
322,Dania,Humberstone,dhumberstone65@paginegialle.it,Female,32.88.160.154
323,Willey,Rickwood,wrickwood66@ocn.ne.jp,Non-binary,213.3.173.193
324,Maryanne,Christer,mchrister67@studiopress.com,Female,81.97.70.37
325,Robyn,Pisco,rpisco68@sitemeter.com,Female,215.173.101.215
326,Hervey,Ferrao,hferrao69@facebook.com,Male,243.167.129.88
327,Kirsten,Lodden,klodden6a@istockphoto.com,Female,137.103.204.104
328,Patrica,Pernell,ppernell6b@ibm.com,Female,233.31.27.208
329,Sheila,Brandi,sbrandi6c@shop-pro.jp,Female,186.226.46.53
330,Mark,Lyall,mlyall6d@w3.org,Male,211.98.56.54
331,Ibby,Huntly,ihuntly6e@youtu.be,Female,42.98.103.229
332,Kimberly,Boustead,kboustead6f@hhs.gov,Female,202.106.236.65
333,Karrie,Stentiford,kstentiford6g@edublogs.org,Female,186.16.188.164
334,Adriaens,Liven,aliven6h@virginia.edu,Female,243.77.171.102
335,Erik,Eschalette,eeschalette6i@ted.com,Male,220.151.142.165
336,Wanids,Tuckwood,wtuckwood6j@plala.or.jp,Female,147.38.135.42
337,Ophelie,Aucott,oaucott6k@state.gov,Female,230.160.124.12
338,Bonnee,Masterman,bmasterman6l@seattletimes.com,Female,121.170.76.241
339,Tuckie,Gollop,tgollop6m@bbc.co.uk,Male,238.204.188.62
340,Aurora,Denyukin,adenyukin6n@slate.com,Female,119.237.171.187
341,Cristin,Hedge,chedge6o@china.com.cn,Female,96.151.47.192
342,Sullivan,Perazzo,sperazzo6p@de.vu,Male,36.76.120.115
343,Immanuel,Macy,imacy6q@dagondesign.com,Male,213.13.203.75
344,Sheena,Crutcher,scrutcher6r@51.la,Female,51.239.113.65
345,Rana,Hubbins,rhubbins6s@cyberchimps.com,Female,61.168.219.26
346,Asia,Gayter,agayter6t@illinois.edu,Female,254.130.187.123
347,Jodee,Ajsik,jajsik6u@google.cn,Female,160.248.217.56
348,Kessia,Stollsteimer,kstollsteimer6v@cnn.com,Female,185.145.80.31
349,Drugi,Branca,dbranca6w@sbwire.com,Genderqueer,233.43.248.232
350,Egon,Bardill,ebardill6x@spiegel.de,Male,246.175.73.236
351,Alta,Bulleyn,abulleyn6y@china.com.cn,Female,246.193.90.96
352,Loleta,Penella,lpenella6z@com.com,Female,101.209.111.157
353,Gannie,Lennarde,glennarde70@infoseek.co.jp,Male,206.229.159.205
354,Suzanne,Wheelwright,swheelwright71@wikimedia.org,Female,79.252.134.35
355,Richie,D'eath,rdeath72@reference.com,Male,57.97.198.112
356,Wynny,Swaby,wswaby73@mashable.com,Female,13.228.93.146
357,Markus,Glass,mglass74@umn.edu,Male,80.201.110.89
358,Hanny,Holwell,hholwell75@admin.ch,Female,123.36.110.43
359,Haven,Stealy,hstealy76@nyu.edu,Male,9.66.25.13
360,Bartholemy,Torrejon,btorrejon77@domainmarket.com,Male,234.88.255.220
361,Aura,Bewlay,abewlay78@slate.com,Female,53.228.131.204
362,Merilee,Reuther,mreuther79@sfgate.com,Female,126.78.134.72
363,Stefa,Tradewell,stradewell7a@foxnews.com,Female,22.151.137.116
364,Merv,Larcier,mlarcier7b@microsoft.com,Male,138.153.246.116
365,Sheree,Siehard,ssiehard7c@skype.com,Female,8.12.73.215
366,Nathanil,Squier,nsquier7d@kickstarter.com,Male,37.37.15.61
367,Reine,Mincini,rmincini7e@hc360.com,Female,147.152.249.126
368,Adeline,Bartalin,abartalin7f@samsung.com,Female,226.254.161.58
369,Georgena,Noddles,gnoddles7g@devhub.com,Female,195.109.142.243
370,Ernie,Thyng,ethyng7h@nasa.gov,Male,131.91.129.39
371,Jermayne,Warlton,jwarlton7i@answers.com,Male,247.24.52.59
372,Georgie,Jorioz,gjorioz7j@tripadvisor.com,Female,35.131.65.23
373,Myrlene,Dundredge,mdundredge7k@amazon.com,Female,82.219.183.43
374,Reinaldos,Rennenbach,rrennenbach7l@lulu.com,Male,8.112.198.122
375,Gabriel,Ollander,gollander7m@about.me,Female,116.202.40.159
376,Reinwald,Fannon,rfannon7n@lycos.com,Male,185.212.149.2
377,Evan,Boud,eboud7o@bing.com,Male,225.243.31.202
378,Estele,Corter,ecorter7p@technorati.com,Female,9.146.197.213
379,Meredeth,Laurens,mlaurens7q@whitehouse.gov,Male,83.148.188.109
380,Bevvy,Pervoe,bpervoe7r@unicef.org,Female,181.129.103.36
381,Rozina,Chitham,rchitham7s@themeforest.net,Female,215.48.189.146
382,Hadria,Caseborne,hcaseborne7t@prlog.org,Female,11.188.190.67
383,Coraline,Ughetti,cughetti7u@skype.com,Female,46.200.176.94
384,Ettore,Petlyura,epetlyura7v@e-recht24.de,Male,233.155.56.235
385,Siobhan,Boutellier,sboutellier7w@multiply.com,Female,94.72.179.33
386,Philis,Goeff,pgoeff7x@washington.edu,Female,197.93.187.220
387,Bertie,Occleshaw,boccleshaw7y@booking.com,Female,15.125.204.207
388,Maurizia,Houseago,mhouseago7z@webs.com,Female,233.180.103.122
389,Gert,Tilte,gtilte80@storify.com,Female,28.38.22.66
390,Kyla,Beinisch,kbeinisch81@freewebs.com,Female,90.144.207.54
391,Barty,Reavey,breavey82@tinyurl.com,Genderfluid,110.116.35.90
392,Rafaelita,Carlan,rcarlan83@msn.com,Female,254.243.41.145
393,Stavro,Bootland,sbootland84@jalbum.net,Male,93.51.167.17
394,Amabel,Larcombe,alarcombe85@rediff.com,Female,87.145.222.28
395,Starla,Westphal,swestphal86@cdbaby.com,Female,248.249.159.204
396,Antoine,Mansel,amansel87@woothemes.com,Polygender,12.157.100.35
397,Madelena,Bernardelli,mbernardelli88@businessinsider.com,Female,173.150.163.28
398,Manfred,Agget,magget89@uiuc.edu,Male,162.201.8.181
399,Barri,Marcroft,bmarcroft8a@youku.com,Male,132.150.228.0
400,Gertrud,Deniskevich,gdeniskevich8b@youku.com,Female,234.47.146.251
401,Wheeler,Fitzer,wfitzer8c@mayoclinic.com,Agender,249.154.105.231
402,Mead,Kelinge,mkelinge8d@last.fm,Male,130.148.125.162
403,Paddie,Aikman,paikman8e@reverbnation.com,Male,80.212.172.14
404,Latisha,Husthwaite,lhusthwaite8f@house.gov,Female,156.14.254.56
405,Winfield,Louis,wlouis8g@google.de,Male,51.163.233.104
406,Raoul,Camden,rcamden8h@msu.edu,Male,136.20.135.36
407,Daren,Cordie,dcordie8i@apache.org,Male,111.107.14.183
408,Klara,Kaplan,kkaplan8j@hexun.com,Female,109.6.21.233
409,Latashia,Overshott,lovershott8k@list-manage.com,Female,172.189.138.173
410,Maurise,Lunge,mlunge8l@cbsnews.com,Male,181.55.115.95
411,Ermanno,Wenden,ewenden8m@usgs.gov,Male,173.26.21.70
412,Ezequiel,Tort,etort8n@mashable.com,Non-binary,201.53.247.33
413,Vivian,Casel,vcasel8o@netlog.com,Female,202.157.104.4
414,Fraze,Anelay,fanelay8p@cargocollective.com,Male,222.134.217.161
415,Sylvia,Fiveash,sfiveash8q@bbb.org,Female,88.201.192.35
416,Magdalen,Watkiss,mwatkiss8r@psu.edu,Female,56.210.52.96
417,Ariela,Hedylstone,ahedylstone8s@shop-pro.jp,Female,212.71.59.232
418,Bart,Cuthbert,bcuthbert8t@wix.com,Male,166.106.254.60
419,Rupert,Raper,rraper8u@google.cn,Male,14.253.120.203
420,Francine,Kinset,fkinset8v@drupal.org,Non-binary,129.64.249.111
421,Tannie,Ummfrey,tummfrey8w@linkedin.com,Male,159.140.243.70
422,Dotty,Durber,ddurber8x@topsy.com,Female,1.192.58.68
423,Lanna,Beagen,lbeagen8y@census.gov,Female,155.112.103.95
424,Jacquenette,Palombi,jpalombi8z@wiley.com,Female,31.1.170.18
425,Rolf,Birdwhistell,rbirdwhistell90@sphinn.com,Male,17.188.139.124
426,Kory,Grancher,kgrancher91@elpais.com,Male,119.165.107.64
427,Marabel,Schuster,mschuster92@java.com,Female,32.146.1.246
428,Wes,Leif,wleif93@zimbio.com,Male,112.233.65.154
429,Beatriz,Pic,bpic94@themeforest.net,Female,90.39.128.98
430,Ailee,Meiklem,ameiklem95@drupal.org,Female,75.115.132.157
431,Camala,Warbys,cwarbys96@foxnews.com,Female,220.134.5.30
432,Ansel,Woolam,awoolam97@cisco.com,Male,178.218.32.74
433,Claudine,Putt,cputt98@youku.com,Female,22.159.29.25
434,Llewellyn,Mitton,lmitton99@wordpress.com,Male,122.137.223.209
435,Chiquita,Dearnley,cdearnley9a@histats.com,Female,102.7.16.186
436,Carin,Harcombe,charcombe9b@uol.com.br,Female,115.52.93.108
437,Biddie,Manderson,bmanderson9c@cdc.gov,Female,127.112.210.78
438,Rasia,Itscowicz,ritscowicz9d@blogs.com,Female,122.4.72.77
439,Gretal,MacAlpine,gmacalpine9e@webmd.com,Female,46.13.26.7
440,Holden,Milillo,hmilillo9f@godaddy.com,Male,86.218.55.198
441,Horatia,Petrovic,hpetrovic9g@istockphoto.com,Female,66.173.125.3
442,Blinni,Hun,bhun9h@macromedia.com,Female,45.6.205.154
443,Emilio,Dagon,edagon9i@forbes.com,Bigender,76.217.45.252
444,Rutter,Grundwater,rgrundwater9j@youtu.be,Male,27.173.251.29
445,Noelle,Grieswood,ngrieswood9k@liveinternet.ru,Female,177.146.146.181
446,Edgardo,Aish,eaish9l@topsy.com,Bigender,88.233.206.247
447,Jephthah,Arr,jarr9m@hp.com,Male,221.182.145.70
448,Alberto,Kennelly,akennelly9n@canalblog.com,Male,167.131.249.193
449,Timotheus,Lowe,tlowe9o@ftc.gov,Genderqueer,219.205.247.6
450,Shayna,Duplock,sduplock9p@ibm.com,Female,188.162.191.205
451,Fleming,Alejandre,falejandre9q@blogs.com,Male,110.3.28.13
452,Chrysler,Shadwick,cshadwick9r@angelfire.com,Female,204.191.165.6
453,Maryellen,Syvret,msyvret9s@nasa.gov,Female,233.120.244.144
454,Jose,Toller,jtoller9t@4shared.com,Male,222.97.186.58
455,Clo,Wingham,cwingham9u@vinaora.com,Female,112.47.226.19
456,Romona,Dechelette,rdechelette9v@clickbank.net,Female,100.100.43.211
457,Justen,Brockhurst,jbrockhurst9w@twitpic.com,Male,13.60.144.34
458,Dino,Vertigan,dvertigan9x@github.io,Male,125.6.245.170
459,Carol-jean,Turmel,cturmel9y@aol.com,Female,246.186.159.105
460,Maryanna,Raven,mraven9z@china.com.cn,Female,222.170.16.160
461,Ernaline,Fanthome,efanthomea0@tiny.cc,Female,93.88.165.18
462,Nerti,Butchart,nbutcharta1@hexun.com,Female,78.120.212.119
463,Jarrett,Wickwarth,jwickwartha2@howstuffworks.com,Male,122.119.242.222
464,Rowney,Cockell,rcockella3@flickr.com,Male,169.215.94.120
465,Reine,Kleinsinger,rkleinsingera4@joomla.org,Female,75.158.206.244
466,Shamus,O'Gormley,sogormleya5@theguardian.com,Male,167.134.154.222
467,Kiel,Jakobsson,kjakobssona6@lulu.com,Male,214.116.209.151
468,Thaine,Migheli,tmighelia7@goo.ne.jp,Male,240.194.252.123
469,Shermy,Chasemore,schasemorea8@virginia.edu,Male,128.251.130.78
470,Barty,Drinkeld,bdrinkelda9@youku.com,Male,55.243.167.94
471,Marchelle,Lucien,mlucienaa@mapquest.com,Female,100.236.22.130
472,Lotte,Gorringe,lgorringeab@1688.com,Female,249.204.245.98
473,Alexio,Aldis,aaldisac@narod.ru,Male,135.148.145.226
474,Carlee,Jacks,cjacksad@loc.gov,Female,92.0.255.77
475,Beitris,Priden,bpridenae@gizmodo.com,Female,185.221.110.38
476,Peadar,Merali,pmeraliaf@chicagotribune.com,Male,189.65.184.156
477,Minnnie,Mungham,mmunghamag@friendfeed.com,Genderfluid,35.12.232.86
478,Fedora,Connop,fconnopah@dion.ne.jp,Female,251.70.26.177
479,Reta,Frostdicke,rfrostdickeai@netlog.com,Female,68.54.51.159
480,Clay,Menhenitt,cmenhenittaj@chron.com,Male,20.201.111.148
481,Cathee,Boggish,cboggishak@engadget.com,Female,160.132.105.246
482,Elle,Haggarth,ehaggarthal@hc360.com,Female,29.117.88.171
483,Arny,Mobius,amobiusam@cpanel.net,Male,226.198.210.173
484,Valentine,Jeandet,vjeandetan@google.com.hk,Female,121.48.164.223
485,Scarface,Connal,sconnalao@free.fr,Male,200.107.85.21
486,Cheston,Drable,cdrableap@sakura.ne.jp,Male,174.83.38.130
487,Jackie,Rentilll,jrentilllaq@booking.com,Male,48.125.250.143
488,Blythe,Crenage,bcrenagear@mapy.cz,Female,179.27.161.197
489,Alonso,McIlvoray,amcilvorayas@omniture.com,Male,102.42.60.239
490,Tommi,Auld,tauldat@umn.edu,Bigender,209.33.71.104
491,Bonnee,Durston,bdurstonau@printfriendly.com,Female,115.12.87.156
492,Elliott,Hanaby,ehanabyav@bravesites.com,Male,136.186.79.9
493,Bren,Fores,bforesaw@tmall.com,Female,169.221.160.30
494,Wilhelmine,Meatyard,wmeatyardax@nasa.gov,Genderfluid,60.105.146.10
495,Frederic,Pinch,fpinchay@uol.com.br,Male,8.208.121.21
496,Lianna,Ruffell,lruffellaz@surveymonkey.com,Female,178.228.1.39
497,Giorgi,Holttom,gholttomb0@newyorker.com,Male,127.115.28.221
498,Barton,Hutable,bhutableb1@goo.gl,Male,191.24.169.197
499,Mari,Drewes,mdrewesb2@ow.ly,Female,125.249.8.88
500,Aeriel,Sneaker,asneakerb3@elegantthemes.com,Female,199.146.37.142
501,Tonie,Ballintime,tballintimeb4@t.co,Female,241.119.57.159
502,Giralda,Albany,galbanyb5@typepad.com,Female,98.119.167.9
503,Daniella,Clarabut,dclarabutb6@newyorker.com,Female,103.120.214.231
504,Ardelis,Papierz,apapierzb7@answers.com,Female,26.40.120.119
505,Rene,Caunt,rcauntb8@archive.org,Male,215.71.147.67
506,Lettie,Smerdon,lsmerdonb9@wisc.edu,Female,86.51.40.189
507,Diane,McKay,dmckayba@paginegialle.it,Female,139.171.158.233
508,Thorvald,Gloster,tglosterbb@ocn.ne.jp,Male,143.106.233.189
509,Kurtis,Corkish,kcorkishbc@mlb.com,Genderqueer,212.88.131.234
510,Evanne,Cockshtt,ecockshttbd@sciencedaily.com,Female,211.211.171.58
511,Keely,Mendus,kmendusbe@jiathis.com,Female,242.139.10.235
512,Marney,Dracksford,mdracksfordbf@cam.ac.uk,Female,90.94.204.86
513,Constantine,Cordeiro,ccordeirobg@vinaora.com,Female,20.203.83.194
514,Elwira,Skipsey,eskipseybh@nps.gov,Female,117.0.59.17
515,Alfie,Comfort,acomfortbi@xinhuanet.com,Male,183.177.41.10
516,Timmie,Hazelhurst,thazelhurstbj@gov.uk,Male,149.105.188.185
517,Merry,Letessier,mletessierbk@house.gov,Male,90.42.198.34
518,Sherm,Bondley,sbondleybl@networkadvertising.org,Male,227.132.14.125
519,Dina,Ondrousek,dondrousekbm@barnesandnoble.com,Female,110.73.19.15
520,Ephrem,Nance,enancebn@npr.org,Male,57.40.155.193
521,Griff,Laminman,glaminmanbo@alexa.com,Male,153.178.97.71
522,Inger,Edwin,iedwinbp@desdev.cn,Female,69.54.170.193
523,Anabella,Gobbett,agobbettbq@pen.io,Female,233.174.25.164
524,Othello,Phoenix,ophoenixbr@blog.com,Male,155.112.89.152
525,Joshuah,Claiton,jclaitonbs@gmpg.org,Male,164.97.108.94
526,Dolley,Blunn,dblunnbt@biglobe.ne.jp,Female,35.51.80.40
527,Stephanus,Rammell,srammellbu@list-manage.com,Male,33.28.168.175
528,Gabie,Galton,ggaltonbv@ifeng.com,Female,41.251.165.176
529,Carolan,Ludman,cludmanbw@addtoany.com,Female,220.135.175.116
530,Cybill,Georgelin,cgeorgelinbx@admin.ch,Female,33.112.101.214
531,Erek,Furman,efurmanby@over-blog.com,Male,224.153.174.92
532,Gale,Aulton,gaultonbz@wired.com,Male,221.40.183.183
533,Bryana,Greenalf,bgreenalfc0@exblog.jp,Female,254.58.77.103
534,Allis,Clapson,aclapsonc1@cdc.gov,Female,255.29.131.92
535,Artur,Kirke,akirkec2@friendfeed.com,Male,103.146.246.208
536,Curtis,Fleet,cfleetc3@surveymonkey.com,Male,245.19.90.250
537,Cathe,Needs,cneedsc4@geocities.com,Female,82.82.92.2
538,Junia,Lippard,jlippardc5@gizmodo.com,Female,47.217.58.23
539,Dan,McKiddin,dmckiddinc6@edublogs.org,Genderfluid,90.110.166.254
540,Florie,Miles,fmilesc7@omniture.com,Female,66.7.165.218
541,Andie,Rains,arainsc8@samsung.com,Male,245.73.59.60
542,Jeddy,Fraanchyonok,jfraanchyonokc9@angelfire.com,Male,83.124.77.240
543,Ardra,Sellwood,asellwoodca@geocities.com,Female,34.107.214.150
544,Gail,Gantz,ggantzcb@i2i.jp,Male,80.238.179.252
545,Alejandra,Mallindine,amallindinecc@artisteer.com,Female,123.21.210.59
546,Dionysus,Corkish,dcorkishcd@npr.org,Male,223.94.251.164
547,Judith,Heatly,jheatlyce@nih.gov,Female,90.0.244.158
548,Elsa,Borland,eborlandcf@gov.uk,Female,187.36.153.155
549,Yves,Pogue,ypoguecg@bloomberg.com,Male,106.170.20.34
550,Renell,Emma,remmach@amazon.de,Female,193.196.162.65
551,Lionello,Bullent,lbullentci@xinhuanet.com,Male,129.198.239.20
552,Courtney,Physick,cphysickcj@goodreads.com,Female,111.5.139.40
553,Bryna,Bichard,bbichardck@state.gov,Female,208.180.206.153
554,Gusty,Rableau,grableaucl@mail.ru,Female,179.96.29.101
555,Tirrell,Dunsford,tdunsfordcm@jalbum.net,Male,68.247.178.12
556,Sherri,Lockitt,slockittcn@sogou.com,Female,111.22.125.80
557,Alexio,Pavlov,apavlovco@reverbnation.com,Agender,242.162.67.140
558,Nannette,Sweedy,nsweedycp@senate.gov,Female,176.68.199.101
559,Felipe,Ivanonko,fivanonkocq@berkeley.edu,Male,201.232.79.228
560,Ossie,Palk,opalkcr@columbia.edu,Male,212.213.22.230
561,Adham,Battle,abattlecs@icio.us,Male,122.128.52.140
562,Gustav,Kellert,gkellertct@wordpress.com,Male,206.131.161.114
563,Drusi,Larder,dlardercu@cam.ac.uk,Female,136.225.187.63
564,Dall,Hotton,dhottoncv@nsw.gov.au,Male,120.203.111.247
565,Gerald,Duddle,gduddlecw@ocn.ne.jp,Male,78.86.182.208
566,Shel,Choulerton,schoulertoncx@ibm.com,Female,211.16.127.143
567,Pauline,Souster,psoustercy@mashable.com,Female,123.156.95.146
568,Ginnie,Pestridge,gpestridgecz@redcross.org,Female,167.29.113.101
569,Remus,Joselin,rjoselind0@furl.net,Male,139.64.55.232
570,Dorthy,Jindrak,djindrakd1@telegraph.co.uk,Female,108.167.226.217
571,Erinn,Stebbings,estebbingsd2@linkedin.com,Female,50.28.149.101
572,Dena,Briance,dbrianced3@com.com,Female,242.178.224.156
573,Andrej,Adamowicz,aadamowiczd4@unc.edu,Male,218.128.1.232
574,Sissie,Demetr,sdemetrd5@cam.ac.uk,Female,193.196.61.226
575,Rowen,Ponnsett,rponnsettd6@dailymotion.com,Male,214.234.181.110
576,Vikky,Petrello,vpetrellod7@yellowpages.com,Female,162.156.141.153
577,Mollie,Fetterplace,mfetterplaced8@nationalgeographic.com,Female,72.244.223.243
578,Bern,McFarland,bmcfarlandd9@wordpress.org,Male,10.153.53.117
579,Alvinia,Beaby,abeabyda@scientificamerican.com,Genderqueer,54.150.24.170
580,Felecia,Cookley,fcookleydb@slate.com,Female,103.7.63.209
581,Eveline,Lovstrom,elovstromdc@usda.gov,Female,200.0.67.164
582,Gabie,Di Bartolommeo,gdibartolommeodd@buzzfeed.com,Male,15.80.214.39
583,Alis,Yedall,ayedallde@examiner.com,Female,71.92.64.223
584,Idell,Rispen,irispendf@so-net.ne.jp,Female,145.92.189.95
585,Ealasaid,Warcop,ewarcopdg@upenn.edu,Female,255.34.45.161
586,Caldwell,Tavener,ctavenerdh@shareasale.com,Male,94.125.117.171
587,Base,Maior,bmaiordi@patch.com,Male,122.244.182.138
588,Nils,Sollett,nsollettdj@mit.edu,Non-binary,24.151.193.127
589,Bibbye,Kelmere,bkelmeredk@t.co,Female,127.139.249.24
590,Reba,Carnihan,rcarnihandl@squidoo.com,Non-binary,207.116.62.159
591,Carree,Ferrucci,cferruccidm@mtv.com,Female,221.111.186.142
592,Ichabod,Ishaki,iishakidn@g.co,Male,31.119.7.19
593,Gregory,Pardie,gpardiedo@va.gov,Genderqueer,128.137.205.155
594,Willie,Rathborne,wrathbornedp@yandex.ru,Male,102.156.136.205
595,Syd,Marian,smariandq@wiley.com,Male,243.251.242.149
596,Wyatt,Berka,wberkadr@mail.ru,Male,239.161.39.203
597,Elton,Flewett,eflewettds@wufoo.com,Male,138.29.212.183
598,Lin,Hablet,lhabletdt@loc.gov,Male,229.168.88.219
599,Amalee,Greetland,agreetlanddu@bing.com,Female,175.251.69.209
600,Sauncho,Seabourne,sseabournedv@bbb.org,Male,128.241.183.208
601,Sarge,Commin,scommindw@dyndns.org,Male,35.176.169.188
602,Hamlin,Frawley,hfrawleydx@fastcompany.com,Male,254.230.23.44
603,Buck,Becerro,bbecerrody@sphinn.com,Male,42.69.142.118
604,Shem,Baterip,sbateripdz@hatena.ne.jp,Male,104.168.160.20
605,Cariotta,Grinsdale,cgrinsdalee0@sfgate.com,Female,135.111.72.219
606,Gaynor,Somersett,gsomersette1@nsw.gov.au,Female,203.122.112.231
607,Alleyn,Bubbear,abubbeare2@sakura.ne.jp,Male,217.161.234.83
608,Georg,Thrasher,gthrashere3@hibu.com,Male,52.156.27.110
609,Pam,Courtliff,pcourtliffe4@indiegogo.com,Female,59.110.176.30
610,Hersch,Sone,hsonee5@ask.com,Male,30.244.44.106
611,Jerald,Lascelles,jlascellese6@deliciousdays.com,Genderfluid,4.61.137.197
612,Jojo,Brailsford,jbrailsforde7@census.gov,Female,190.128.109.203
613,Georgy,Kane,gkanee8@theglobeandmail.com,Male,10.6.193.18
614,Micheline,Stalf,mstalfe9@last.fm,Female,151.86.168.244
615,Waldo,Mc Caughen,wmccaughenea@trellian.com,Male,126.175.74.119
616,Packston,Tarry,ptarryeb@skype.com,Male,51.108.252.222
617,Zachariah,Perschke,zperschkeec@hostgator.com,Male,249.83.2.51
618,Lonnard,Dovington,ldovingtoned@typepad.com,Male,35.209.133.74
619,Beltran,Dalby,bdalbyee@mysql.com,Male,147.238.149.136
620,Fianna,Pendlebury,fpendleburyef@jugem.jp,Female,72.168.88.67
621,Guillemette,Boorne,gboorneeg@nasa.gov,Female,178.105.185.163
622,Drusilla,Scogings,dscogingseh@latimes.com,Female,218.197.241.139
623,Worthington,Stairmond,wstairmondei@edublogs.org,Male,202.239.149.142
624,Andrey,Prettyjohn,aprettyjohnej@nbcnews.com,Male,158.222.55.10
625,Ginevra,Sherrell,gsherrellek@mashable.com,Female,175.100.15.162
626,Jere,Nancarrow,jnancarrowel@rakuten.co.jp,Female,41.117.179.250
627,Milicent,Barnsdall,mbarnsdallem@zimbio.com,Female,151.133.184.129
628,Ewan,Skae,eskaeen@ucsd.edu,Male,200.15.148.20
629,Tandie,Lanham,tlanhameo@usda.gov,Female,59.76.4.28
630,Bondy,Sawfoot,bsawfootep@imageshack.us,Male,3.216.172.132
631,Nathaniel,Bernadzki,nbernadzkieq@loc.gov,Male,237.115.45.17
632,Robbyn,Royston,rroystoner@princeton.edu,Female,75.58.255.115
633,Brandais,Kroch,bkroches@163.com,Female,162.221.31.229
634,Darlene,Mell,dmellet@narod.ru,Female,200.254.55.201
635,Lila,Puddephatt,lpuddephatteu@e-recht24.de,Female,58.63.36.109
636,Reynard,Bote,rboteev@dmoz.org,Male,28.227.254.179
637,Justino,Martill,jmartillew@skype.com,Male,197.58.216.196
638,May,Martt,mmarttex@unc.edu,Female,37.248.230.183
639,Yves,O'Hone,yohoneey@cnbc.com,Male,70.18.12.246
640,Sawyer,Recher,srecherez@free.fr,Male,192.7.178.99
641,Dayna,Du Hamel,dduhamelf0@alexa.com,Female,101.49.227.123
642,Nonah,Grayley,ngrayleyf1@usatoday.com,Female,74.153.254.196
643,Leelah,Wightman,lwightmanf2@goo.ne.jp,Female,233.230.133.190
644,Cammie,Brownlee,cbrownleef3@jigsy.com,Female,165.120.239.99
645,Felicle,Hallums,fhallumsf4@zdnet.com,Female,239.6.208.78
646,Darelle,Ridsdell,dridsdellf5@ocn.ne.jp,Female,3.254.75.247
647,Theresina,Yakovlev,tyakovlevf6@mail.ru,Female,12.128.98.30
648,Goran,Emanulsson,gemanulssonf7@lycos.com,Agender,65.8.213.42
649,Teodorico,Simmens,tsimmensf8@patch.com,Male,130.80.90.183
650,Wells,Cabrara,wcabraraf9@wsj.com,Male,89.210.180.30
651,Michelle,Lytton,mlyttonfa@g.co,Female,29.74.68.151
652,Reade,Wallice,rwallicefb@istockphoto.com,Male,179.151.194.180
653,Howie,Lightbourne,hlightbournefc@g.co,Male,151.214.7.123
654,Brand,McDermott-Row,bmcdermottrowfd@bbc.co.uk,Male,228.49.200.38
655,North,Markie,nmarkiefe@google.de,Male,16.100.188.38
656,Montgomery,Jeandin,mjeandinff@example.com,Male,89.22.132.224
657,Lee,Newburn,lnewburnfg@artisteer.com,Male,119.44.164.195
658,Joanna,MacGarvey,jmacgarveyfh@washington.edu,Female,89.79.186.241
659,Randolf,Cantrill,rcantrillfi@cloudflare.com,Male,162.184.151.67
660,Heindrick,Mitchard,hmitchardfj@usatoday.com,Male,143.188.234.249
661,Xylina,Winterbotham,xwinterbothamfk@slashdot.org,Female,63.79.201.67
662,Maxie,Housbie,mhousbiefl@over-blog.com,Male,179.53.86.120
663,Alissa,Boden,abodenfm@seattletimes.com,Female,102.185.247.176
664,Rufe,Seide,rseidefn@omniture.com,Male,188.212.33.143
665,Tait,Buxy,tbuxyfo@csmonitor.com,Male,252.213.21.208
666,Eran,Ahern,eahernfp@nyu.edu,Female,154.233.98.98
667,Harald,Shipton,hshiptonfq@fastcompany.com,Male,88.139.165.2
668,Patin,MacEllen,pmacellenfr@nifty.com,Male,87.76.97.140
669,Agnes,Purdey,apurdeyfs@opera.com,Female,167.148.246.86
670,Joceline,Labone,jlaboneft@abc.net.au,Female,207.178.107.251
671,Pauly,Novik,pnovikfu@imageshack.us,Male,88.72.157.186
672,Carlen,Goby,cgobyfv@tinypic.com,Female,14.209.171.126
673,Eleanore,Vernazza,evernazzafw@dmoz.org,Female,196.153.169.181
674,Herbie,Danielczyk,hdanielczykfx@techcrunch.com,Male,151.142.97.156
675,Sawyere,Duesbury,sduesburyfy@phpbb.com,Male,6.10.105.91
676,Fayina,Ballsdon,fballsdonfz@networkadvertising.org,Female,211.229.238.205
677,Roderick,Forestall,rforestallg0@livejournal.com,Male,229.60.211.78
678,Lebbie,Woodall,lwoodallg1@redcross.org,Female,84.67.255.34
679,Ric,Crawshaw,rcrawshawg2@seesaa.net,Male,27.45.166.246
680,Larisa,Trevillion,ltrevilliong3@weather.com,Female,210.221.174.214
681,Iseabal,Ector,iectorg4@wikipedia.org,Female,137.223.31.162
682,Ninette,Coggon,ncoggong5@bloglovin.com,Female,81.72.213.32
683,Venita,Burghall,vburghallg6@free.fr,Female,117.212.213.141
684,Drugi,Cowhig,dcowhigg7@123-reg.co.uk,Male,172.150.164.35
685,Hy,Harragin,hharraging8@hubpages.com,Male,241.113.18.73
686,Sheila-kathryn,Lupson,slupsong9@bloglines.com,Female,60.203.97.57
687,Hortensia,Lincey,hlinceyga@ask.com,Female,92.215.212.144
688,Martie,MacDaid,mmacdaidgb@altervista.org,Male,183.82.117.103
689,Benedikt,Dickman,bdickmangc@csmonitor.com,Genderfluid,92.41.70.39
690,Lynnea,Merry,lmerrygd@mapy.cz,Female,181.46.241.66
691,Dot,Detoile,ddetoilege@cisco.com,Female,95.159.98.216
692,Alexandro,Ennever,aennevergf@opera.com,Male,238.59.251.196
693,Gayelord,Raggitt,graggittgg@uol.com.br,Male,212.32.105.62
694,Rhea,Kollas,rkollasgh@usa.gov,Female,222.213.200.174
695,Corney,Fotitt,cfotittgi@naver.com,Male,227.94.151.67
696,Hallsy,Crolla,hcrollagj@soundcloud.com,Male,221.111.136.26
697,Thomasin,Wildt,twildtgk@unesco.org,Female,180.227.47.168
698,Wyatan,Loughney,wloughneygl@bloomberg.com,Male,163.247.21.64
699,Christoforo,Rowth,crowthgm@surveymonkey.com,Male,229.168.203.140
700,Ambros,Geaveny,ageavenygn@un.org,Male,202.248.51.167
701,Georgina,Handke,ghandkego@bizjournals.com,Female,27.12.167.10
702,Christan,Hakewell,chakewellgp@whitehouse.gov,Female,162.128.73.53
703,Tom,Rozzier,trozziergq@pinterest.com,Male,176.166.101.84
704,Renado,MacCarter,rmaccartergr@nyu.edu,Male,161.219.7.233
705,Leupold,Skillanders,lskillandersgs@kickstarter.com,Male,210.203.41.42
706,Gallard,Jenton,gjentongt@yale.edu,Non-binary,20.107.225.44
707,Antonina,Bywater,abywatergu@icq.com,Female,64.52.41.35
708,Sarajane,MacConnel,smacconnelgv@indiegogo.com,Female,188.171.199.58
709,Sheree,Rakestraw,srakestrawgw@pbs.org,Female,118.164.1.42
710,Pam,Amner,pamnergx@home.pl,Female,47.163.109.74
711,Adelaide,Rowatt,arowattgy@w3.org,Female,24.141.59.250
712,Charmain,Garlick,cgarlickgz@examiner.com,Female,189.105.161.123
713,Peria,Birkenshaw,pbirkenshawh0@e-recht24.de,Female,206.20.108.197
714,Carly,Cyples,ccyplesh1@com.com,Male,204.87.157.76
715,Zedekiah,Presnall,zpresnallh2@tmall.com,Male,68.112.156.25
716,Kinsley,Solomon,ksolomonh3@ezinearticles.com,Male,182.215.128.69
717,Franklin,Egre,fegreh4@nih.gov,Male,28.207.136.17
718,Upton,Gommery,ugommeryh5@vkontakte.ru,Male,221.219.199.21
719,Boote,Ciciura,bciciurah6@auda.org.au,Polygender,59.72.221.87
720,Drucie,Fradgley,dfradgleyh7@house.gov,Non-binary,93.208.71.209
721,Kelly,Cowles,kcowlesh8@state.gov,Male,250.222.207.145
722,Sig,Delves,sdelvesh9@uol.com.br,Male,99.140.238.226
723,Birdie,Zapata,bzapataha@utexas.edu,Female,27.0.36.188
724,Mano,Itzhayek,mitzhayekhb@slideshare.net,Male,245.71.118.200
725,Murial,Iacabucci,miacabuccihc@businessinsider.com,Female,77.161.181.141
726,Joshuah,Devaney,jdevaneyhd@yahoo.co.jp,Male,71.23.97.116
727,Rozalie,Faulconer,rfaulconerhe@ezinearticles.com,Female,41.26.193.18
728,Cornall,Gerrell,cgerrellhf@google.es,Male,108.36.161.123
729,Perren,Ciric,pcirichg@free.fr,Male,240.230.55.35
730,Corri,Jailler,cjaillerhh@sohu.com,Female,199.40.67.205
731,Don,Whitehead,dwhiteheadhi@shinystat.com,Male,189.162.96.97
732,Meriel,Polino,mpolinohj@mtv.com,Female,139.135.154.177
733,Dara,Porte,dportehk@youku.com,Female,212.207.210.3
734,Caye,MacCall,cmaccallhl@networkadvertising.org,Female,140.173.184.136
735,Frederigo,Jaxon,fjaxonhm@umich.edu,Male,10.255.255.130
736,Sallyanne,Merrell,smerrellhn@google.it,Female,169.33.147.168
737,Lenard,Roast,lroastho@woothemes.com,Male,42.163.24.41
738,Aksel,Scimone,ascimonehp@blog.com,Male,171.37.56.109
739,Janessa,Denyukin,jdenyukinhq@naver.com,Female,239.209.43.94
740,Davida,Caskey,dcaskeyhr@chicagotribune.com,Female,222.159.207.168
741,Tommy,Kraft,tkrafths@google.co.uk,Female,82.72.186.255
742,Corrina,Elvy,celvyht@ifeng.com,Female,153.66.191.54
743,Caspar,De La Hay,cdelahayhu@taobao.com,Male,134.187.239.231
744,Conant,Heathorn,cheathornhv@jugem.jp,Male,29.235.101.244
745,Gayler,Sellwood,gsellwoodhw@tripod.com,Non-binary,248.146.58.178
746,Tiffany,Galilee,tgalileehx@hao123.com,Genderqueer,81.107.15.106
747,Camel,Farrington,cfarringtonhy@alibaba.com,Female,147.36.158.191
748,Agathe,Haydon,ahaydonhz@ftc.gov,Female,178.2.166.53
749,Lorena,Guterson,lgutersoni0@zdnet.com,Female,34.123.53.50
750,Othilia,Kloska,okloskai1@columbia.edu,Female,113.202.99.17
751,Elinor,Carless,ecarlessi2@narod.ru,Female,194.36.180.200
752,Ardeen,Slemmonds,aslemmondsi3@trellian.com,Female,206.106.97.50
753,Ilsa,Spittal,ispittali4@scientificamerican.com,Female,99.124.112.156
754,Leisha,Ausiello,lausielloi5@mayoclinic.com,Female,203.71.232.249
755,Loralie,Grane,lgranei6@uol.com.br,Female,182.105.49.199
756,Rosina,Garratty,rgarrattyi7@ox.ac.uk,Female,133.123.179.133
757,Dietrich,Kidman,dkidmani8@ebay.co.uk,Male,132.29.27.73
758,Turner,Doble,tdoblei9@t-online.de,Genderfluid,231.250.41.19
759,Ange,Loveard,aloveardia@thetimes.co.uk,Female,160.156.42.11
760,Ansley,Sisley,asisleyib@themeforest.net,Female,221.252.73.239
761,Rollie,Hunnicot,rhunnicotic@qq.com,Male,158.135.69.101
762,Catharine,Jaycocks,cjaycocksid@discuz.net,Female,210.247.186.89
763,Elberta,Epple,eeppleie@seesaa.net,Female,83.197.50.248
764,Kimmi,MacGrath,kmacgrathif@washingtonpost.com,Female,173.40.89.239
765,Kincaid,Cellier,kcellierig@si.edu,Male,34.206.194.99
766,Moira,Twycross,mtwycrossih@yellowbook.com,Female,34.48.56.198
767,Alica,Klugel,aklugelii@edublogs.org,Female,114.125.61.135
768,Jackqueline,Wye,jwyeij@clickbank.net,Female,116.15.66.156
769,Lara,Lortzing,llortzingik@ycombinator.com,Agender,176.108.171.15
770,Godfry,McCahey,gmccaheyil@google.com.hk,Male,195.199.122.151
771,Deck,Weaving,dweavingim@yale.edu,Male,233.12.65.65
772,Brett,Schreurs,bschreursin@marketwatch.com,Male,42.136.60.152
773,Alessandra,Dooney,adooneyio@youku.com,Non-binary,255.70.145.203
774,Phil,Oggers,poggersip@abc.net.au,Female,202.92.170.79
775,Theresita,Rape,trapeiq@gravatar.com,Agender,27.20.34.178
776,Bryan,Keeble,bkeebleir@army.mil,Polygender,64.222.235.246
777,Liana,Bradbury,lbradburyis@netvibes.com,Agender,240.38.142.244
778,Jerrilee,Jordine,jjordineit@github.io,Female,70.7.59.88
779,Penelope,Nibloe,pnibloeiu@google.ca,Female,0.41.24.252
780,Mercedes,Osanne,mosanneiv@51.la,Female,74.181.185.76
781,Isa,Hansod,ihansodiw@yellowbook.com,Female,113.24.107.101
782,Marena,Lyfield,mlyfieldix@reference.com,Female,146.238.84.78
783,Lynnette,Wingrove,lwingroveiy@vkontakte.ru,Non-binary,80.67.138.10
784,Bordie,Wixon,bwixoniz@techcrunch.com,Male,186.20.152.138
785,Oliviero,Wonter,owonterj0@slideshare.net,Male,82.77.36.63
786,Melissa,Julian,mjulianj1@netscape.com,Female,51.10.151.22
787,Melissa,Jerosch,mjeroschj2@irs.gov,Female,126.126.72.229
788,Sheri,Ewin,sewinj3@last.fm,Female,174.23.53.48
789,Esta,Bowller,ebowllerj4@walmart.com,Female,143.121.0.139
790,Serene,Ivakhnov,sivakhnovj5@gmpg.org,Female,209.221.61.12
791,Dewitt,Lutz,dlutzj6@pen.io,Male,94.145.148.170
792,Delmore,Duff,dduffj7@gizmodo.com,Male,105.247.33.193
793,Pippy,Eveling,pevelingj8@wix.com,Polygender,6.237.119.100
794,Thebault,Ochterlonie,tochterloniej9@slideshare.net,Male,13.224.222.134
795,Tulley,Mallett,tmallettja@ocn.ne.jp,Male,146.128.205.243
796,Emmett,Kelso,ekelsojb@auda.org.au,Male,133.129.85.179
797,Philippe,Killby,pkillbyjc@google.com.br,Female,152.246.23.132
798,Augusto,Disney,adisneyjd@flickr.com,Male,214.243.144.27
799,Kara-lynn,Jeste,kjesteje@europa.eu,Female,38.84.201.181
800,Crysta,Raith,craithjf@scientificamerican.com,Female,186.222.114.233
801,Kerrill,Corradi,kcorradijg@smugmug.com,Female,144.16.134.148
802,Brade,MacRedmond,bmacredmondjh@sciencedirect.com,Male,125.213.78.212
803,Fedora,Trubshawe,ftrubshaweji@constantcontact.com,Bigender,140.163.151.243
804,Berget,Fernant,bfernantjj@jimdo.com,Female,180.222.183.140
805,Netti,Basnett,nbasnettjk@baidu.com,Female,119.248.240.101
806,Archibald,Edel,aedeljl@privacy.gov.au,Bigender,205.109.153.37
807,Hershel,Kettlesing,hkettlesingjm@ycombinator.com,Male,210.106.201.153
808,Tynan,Cowhig,tcowhigjn@chronoengine.com,Male,124.90.43.30
809,Libbey,Boulden,lbouldenjo@state.gov,Female,42.176.214.116
810,Abner,Bougen,abougenjp@miitbeian.gov.cn,Male,78.120.26.55
811,Mandie,Mohan,mmohanjq@miibeian.gov.cn,Female,40.16.60.189
812,Humfried,Wimbush,hwimbushjr@lycos.com,Male,111.133.208.215
813,Thadeus,Rielly,triellyjs@domainmarket.com,Male,117.109.30.28
814,Milty,Belfitt,mbelfittjt@discuz.net,Male,56.145.229.65
815,Harlin,Powles,hpowlesju@tamu.edu,Male,72.96.216.250
816,Janaya,Scamal,jscamaljv@meetup.com,Female,11.207.116.101
817,Carny,Doche,cdochejw@nationalgeographic.com,Male,120.10.17.123
818,Kath,Loveland,klovelandjx@github.io,Female,52.17.160.29
819,Terrence,Heaford,theafordjy@arizona.edu,Male,84.244.1.183
820,Alfie,Mitcham,amitchamjz@t-online.de,Polygender,118.209.123.243
821,Callida,Rabjohn,crabjohnk0@engadget.com,Female,91.137.122.152
822,Iseabal,Rolingson,irolingsonk1@abc.net.au,Female,63.241.85.113
823,Burlie,Connick,bconnickk2@harvard.edu,Male,3.225.165.87
824,Riordan,Donohoe,rdonohoek3@canalblog.com,Male,231.202.197.146
825,Blaire,Blease,bbleasek4@ft.com,Female,45.134.51.145
826,Mignonne,Trank,mtrankk5@accuweather.com,Female,47.122.198.26
827,Cazzie,Garbar,cgarbark6@drupal.org,Male,99.18.83.125
828,Gay,Farnon,gfarnonk7@php.net,Bigender,202.93.117.98
829,Bethanne,McArtan,bmcartank8@wikimedia.org,Female,171.165.190.222
830,Livvy,Papworth,lpapworthk9@ftc.gov,Female,76.60.204.240
831,Giraud,Dinkin,gdinkinka@ft.com,Male,225.172.79.90
832,Talya,Marklund,tmarklundkb@uol.com.br,Female,82.224.137.176
833,Dun,Flade,dfladekc@hao123.com,Male,186.128.140.173
834,Othello,Burghall,oburghallkd@cam.ac.uk,Male,183.85.221.11
835,Jacob,Marton,jmartonke@ucsd.edu,Male,18.136.118.59
836,Jobye,Czajkowski,jczajkowskikf@home.pl,Female,149.127.141.56
837,Channa,Clucas,cclucaskg@sfgate.com,Female,63.95.62.177
838,Hinze,Dobeson,hdobesonkh@g.co,Male,217.34.247.186
839,Carlie,Wadesworth,cwadesworthki@uiuc.edu,Male,77.33.43.4
840,Elysee,Petera,epeterakj@newyorker.com,Female,216.124.113.19
841,Jermain,Moar,jmoarkk@usda.gov,Non-binary,253.146.174.166
842,Amery,Louisot,alouisotkl@smh.com.au,Male,131.136.35.59
843,Casi,Gonzalo,cgonzalokm@theatlantic.com,Female,96.78.246.163
844,Ambrose,Caren,acarenkn@usatoday.com,Male,97.83.178.254
845,Colly,Brettell,cbrettellko@foxnews.com,Female,123.101.170.180
846,Birdie,Howen,bhowenkp@amazon.com,Female,216.37.17.238
847,Ase,Heffer,ahefferkq@vistaprint.com,Male,219.188.90.101
848,Jeremie,Dougan,jdougankr@telegraph.co.uk,Male,64.11.244.80
849,Abel,Flacknell,aflacknellks@people.com.cn,Male,65.167.75.49
850,Rosalinde,Grcic,rgrcickt@behance.net,Female,76.19.209.171
851,Ladonna,Wilmington,lwilmingtonku@istockphoto.com,Female,142.88.107.121
852,Astrix,Terram,aterramkv@kickstarter.com,Female,89.66.216.98
853,Celestina,Tripony,ctriponykw@cocolog-nifty.com,Female,126.65.129.185
854,Der,Reany,dreanykx@surveymonkey.com,Male,42.158.254.132
855,Rodolfo,Boichat,rboichatky@cbslocal.com,Male,40.116.82.44
856,Benyamin,McGiven,bmcgivenkz@rediff.com,Male,216.234.170.32
857,Paule,Walentynowicz,pwalentynowiczl0@nyu.edu,Female,64.184.104.115
858,Judith,Haygreen,jhaygreenl1@51.la,Female,178.111.116.108
859,Raychel,Hummerston,rhummerstonl2@google.ca,Bigender,73.255.19.210
860,Lilia,Gallamore,lgallamorel3@goo.ne.jp,Polygender,211.91.170.200
861,Lotte,Mellmoth,lmellmothl4@seesaa.net,Female,28.115.161.7
862,Corrie,Gove,cgovel5@hubpages.com,Female,70.172.203.165
863,Olivero,Mordon,omordonl6@de.vu,Male,147.74.27.134
864,Carolan,Rutherfoord,crutherfoordl7@pen.io,Bigender,214.38.54.12
865,Lanie,Goody,lgoodyl8@icio.us,Male,187.210.254.110
866,Julio,Moss,jmossl9@tinypic.com,Male,196.21.58.11
867,Vinny,Enos,venosla@altervista.org,Male,85.44.15.81
868,Anjela,Grastye,agrastyelb@noaa.gov,Female,8.95.193.112
869,Lyman,Cowdroy,lcowdroylc@wikispaces.com,Male,250.104.181.146
870,Selie,Oki,sokild@imdb.com,Female,23.61.157.34
871,Shelden,Collopy,scollopyle@springer.com,Male,49.91.111.169
872,Augustine,Newlove,anewlovelf@instagram.com,Male,220.173.225.137
873,Devon,Bartusek,dbartuseklg@nbcnews.com,Female,217.44.78.245
874,Basilius,Rubinovici,brubinovicilh@technorati.com,Male,41.53.142.104
875,Averil,Farrance,afarranceli@feedburner.com,Female,147.119.35.211
876,Ave,Bonas,abonaslj@soup.io,Male,90.178.65.213
877,Philly,Haxell,phaxelllk@comsenz.com,Female,122.31.60.45
878,Kimbra,Brimman,kbrimmanll@cdbaby.com,Female,231.141.221.111
879,Nathalie,Dopson,ndopsonlm@wunderground.com,Female,251.243.126.195
880,Elisha,Pettus,epettusln@miibeian.gov.cn,Male,233.124.91.109
881,Hermia,Acey,haceylo@ibm.com,Female,8.52.216.210
882,Marcelline,Wallenger,mwallengerlp@upenn.edu,Female,224.226.195.209
883,Even,Bertram,ebertramlq@constantcontact.com,Male,208.58.225.232
884,Osmond,Lippiatt,olippiattlr@pcworld.com,Male,74.218.136.188
885,Isidro,Lipscomb,ilipscombls@ox.ac.uk,Male,230.230.188.211
886,Lynea,Pelzer,lpelzerlt@qq.com,Polygender,248.114.121.184
887,Rozanne,Goddman,rgoddmanlu@wikimedia.org,Female,53.128.3.202
888,Kalie,Trigwell,ktrigwelllv@washington.edu,Female,148.61.236.217
889,Consuelo,Kedie,ckedielw@nasa.gov,Female,224.232.129.33
890,Shandy,Thecham,sthechamlx@biblegateway.com,Bigender,86.202.234.56
891,Hortense,Parren,hparrenly@is.gd,Female,107.203.179.138
892,Waylen,Berthome,wberthomelz@shinystat.com,Agender,22.123.69.139
893,Whitney,Kuhndel,wkuhndelm0@altervista.org,Non-binary,185.188.10.109
894,Patricio,Addionizio,paddioniziom1@epa.gov,Male,14.14.84.58
895,Pauletta,Castanaga,pcastanagam2@bravesites.com,Female,158.8.42.132
896,Melosa,Curson,mcursonm3@ovh.net,Female,1.100.50.120
897,Jason,Kuhnel,jkuhnelm4@creativecommons.org,Male,13.224.36.222
898,Jeremie,Leare,jlearem5@shutterfly.com,Male,255.16.69.159
899,Fabe,Heis,fheism6@sitemeter.com,Male,97.90.134.165
900,Sunny,Endersby,sendersbym7@mapquest.com,Female,69.159.109.15
901,Claudine,Butts,cbuttsm8@independent.co.uk,Female,51.73.225.57
902,Andris,Sinisbury,asinisburym9@xing.com,Male,153.146.172.55
903,Bertrand,Tolson,btolsonma@soup.io,Male,171.232.145.233
904,Jobie,Lawrinson,jlawrinsonmb@studiopress.com,Female,64.6.143.43
905,Olenolin,Schukert,oschukertmc@admin.ch,Male,27.113.87.71
906,Rachael,Foro,rforomd@eventbrite.com,Female,14.114.134.96
907,Ozzy,Ivankovic,oivankovicme@bizjournals.com,Male,31.31.59.42
908,Cozmo,Druitt,cdruittmf@businessweek.com,Male,159.46.154.154
909,Amory,Hovenden,ahovendenmg@tamu.edu,Male,237.11.34.56
910,Glenna,Burder,gburdermh@wisc.edu,Genderqueer,106.177.138.195
911,Sayers,Paolozzi,spaolozzimi@ibm.com,Male,217.144.229.47
912,Ingeborg,Lower,ilowermj@tinyurl.com,Female,82.140.152.126
913,Emerson,Grigorini,egrigorinimk@chicagotribune.com,Bigender,219.234.231.133
914,Lucille,Drust,ldrustml@issuu.com,Female,37.79.27.101
915,Margi,Roslen,mroslenmm@nba.com,Female,201.47.193.94
916,Jaime,Moxted,jmoxtedmn@miitbeian.gov.cn,Female,138.133.207.245
917,Sharl,Paynton,spayntonmo@t.co,Female,225.242.27.213
918,Jacquetta,Orkney,jorkneymp@themeforest.net,Female,154.170.213.30
919,Clement,Rumney,crumneymq@ucsd.edu,Male,5.160.247.249
920,Jamie,Gudyer,jgudyermr@cisco.com,Female,42.212.101.53
921,Damaris,Pennetta,dpennettams@reverbnation.com,Agender,17.111.120.156
922,Zachery,Wimpey,zwimpeymt@mysql.com,Male,16.170.27.207
923,Philipa,Bortoli,pbortolimu@senate.gov,Female,246.31.84.169
924,Morty,Keach,mkeachmv@newyorker.com,Male,104.193.222.50
925,Elmira,Bukowski,ebukowskimw@berkeley.edu,Female,46.126.120.74
926,Madonna,McGeechan,mmcgeechanmx@oracle.com,Female,170.184.106.15
927,Lindsey,Joynes,ljoynesmy@ucsd.edu,Genderfluid,61.147.173.184
928,Osmund,Hagan,ohaganmz@delicious.com,Male,226.65.134.210
929,Nike,Gallant,ngallantn0@stumbleupon.com,Female,239.146.240.204
930,Cchaddie,Shine,cshinen1@last.fm,Male,224.106.247.190
931,Doralynne,Sobey,dsobeyn2@typepad.com,Female,86.179.67.151
932,Jeni,Vasishchev,jvasishchevn3@php.net,Female,229.117.93.209
933,Emilia,Pawfoot,epawfootn4@mtv.com,Female,191.59.198.224
934,Brandy,Theunissen,btheunissenn5@w3.org,Male,6.172.164.74
935,Caresa,Tribe,ctriben6@cyberchimps.com,Female,76.200.51.120
936,Clerkclaude,Bucknell,cbucknelln7@mediafire.com,Male,218.87.81.246
937,Hirsch,Vasilenko,hvasilenkon8@51.la,Male,253.53.162.140
938,Dan,Renzini,drenzinin9@usnews.com,Male,160.195.202.136
939,Avrom,Srawley,asrawleyna@telegraph.co.uk,Male,129.152.53.153
940,Eirena,Denning,edenningnb@gov.uk,Female,221.6.218.67
941,Glennis,Gwinnett,ggwinnettnc@senate.gov,Female,184.6.27.240
942,Madelle,Tessington,mtessingtonnd@ca.gov,Female,205.174.6.202
943,Carlynne,Daveran,cdaveranne@cafepress.com,Female,209.215.30.105
944,Andrus,Chaney,achaneynf@behance.net,Male,60.51.137.240
945,Tracee,Iacoviello,tiacoviellong@google.com.br,Female,183.222.160.15
946,Minni,Allans,mallansnh@purevolume.com,Female,12.77.104.172
947,Amargo,Duffitt,aduffittni@cpanel.net,Female,45.171.44.176
948,My,Rodgman,mrodgmannj@artisteer.com,Male,213.121.60.143
949,Velma,Mogie,vmogienk@techcrunch.com,Female,105.127.12.138
950,Hazlett,Brakespear,hbrakespearnl@mediafire.com,Male,98.154.34.139
951,Harrison,Nuccii,hnucciinm@diigo.com,Male,77.16.33.206
952,Kathie,Gutman,kgutmannn@twitpic.com,Female,185.36.22.197
953,Fielding,Bailes,fbailesno@state.tx.us,Male,163.49.102.206
954,Dallis,Gajewski,dgajewskinp@example.com,Male,93.238.157.209
955,Kimball,Churchlow,kchurchlownq@sogou.com,Male,149.193.95.237
956,Trumaine,Sellens,tsellensnr@artisteer.com,Male,70.218.144.1
957,Obadias,Kleinhaus,okleinhausns@edublogs.org,Male,168.190.242.83
958,Neil,Downie,ndownient@typepad.com,Male,186.126.155.13
959,Bourke,Weigh,bweighnu@ed.gov,Male,228.113.118.253
960,Kass,Minchindon,kminchindonnv@theglobeandmail.com,Female,13.254.218.8
961,Myriam,MacCulloch,mmaccullochnw@squarespace.com,Genderfluid,28.168.131.249
962,Cloe,Matonin,cmatoninnx@google.pl,Female,58.187.149.110
963,Renee,Reuther,rreutherny@oaic.gov.au,Genderfluid,177.234.34.217
964,Renee,Orrett,rorrettnz@nature.com,Female,230.13.216.140
965,Kandace,Gooda,kgoodao0@google.nl,Female,239.215.75.197
966,Modesta,Vala,mvalao1@deliciousdays.com,Female,140.235.30.164
967,Inness,Kiwitz,ikiwitzo2@privacy.gov.au,Male,59.199.107.4
968,Brendin,Pole,bpoleo3@gmpg.org,Male,3.140.80.53
969,Korey,Fontaine,kfontaineo4@skyrock.com,Male,33.215.166.249
970,Germayne,Lillywhite,glillywhiteo5@illinois.edu,Male,205.236.253.243
971,Oswell,Brothwood,obrothwoodo6@exblog.jp,Genderqueer,26.95.162.13
972,Patrica,Cudby,pcudbyo7@a8.net,Genderfluid,9.171.255.24
973,Meredithe,Leverentz,mleverentzo8@omniture.com,Female,95.178.11.36
974,Vale,Lumby,vlumbyo9@senate.gov,Male,168.249.128.196
975,Verge,Pitney,vpitneyoa@wp.com,Male,14.145.223.183
976,Richmound,Danielou,rdanielouob@ovh.net,Male,253.114.22.81
977,Ignazio,Calbaithe,icalbaitheoc@cargocollective.com,Male,45.168.197.19
978,Neala,Faulconbridge,nfaulconbridgeod@t.co,Female,222.95.124.190
979,Padraic,Andreu,pandreuoe@cnet.com,Male,174.254.47.181
980,Rosanne,Codd,rcoddof@howstuffworks.com,Female,56.60.194.82
981,Robinett,Connock,rconnockog@illinois.edu,Female,171.195.133.129
982,Aldridge,Louthe,aloutheoh@archive.org,Male,157.113.170.55
983,Ophelia,Fussen,ofussenoi@squarespace.com,Female,194.114.84.224
984,Tamra,Lintin,tlintinoj@ftc.gov,Female,243.138.26.173
985,Yulma,Pentony,ypentonyok@sakura.ne.jp,Male,64.110.69.216
986,Dorthy,Comar,dcomarol@ed.gov,Female,36.149.239.213
987,Vanessa,Scranedge,vscranedgeom@ycombinator.com,Female,225.83.29.15
988,Amargo,Coughlin,acoughlinon@nbcnews.com,Female,248.97.112.131
989,Allsun,Duberry,aduberryoo@over-blog.com,Female,49.126.177.6
990,Dominic,Gerald,dgeraldop@usatoday.com,Male,62.149.40.239
991,Marwin,Undy,mundyoq@spotify.com,Male,128.73.87.229
992,Denna,Idale,didaleor@japanpost.jp,Female,149.62.46.152
993,Iorgo,Powderham,ipowderhamos@huffingtonpost.com,Genderfluid,250.184.109.8
994,Mick,Pentelow,mpentelowot@yandex.ru,Male,149.111.249.108
995,Tove,Hardwin,thardwinou@uiuc.edu,Female,179.156.245.42
996,Gregg,Tyght,gtyghtov@seattletimes.com,Male,14.91.141.50
997,Casey,Brashaw,cbrashawow@eventbrite.com,Male,178.226.21.43
998,Jesus,Fritchly,jfritchlyox@nyu.edu,Male,105.247.79.159
999,Kristi,Currall,kcurralloy@friendfeed.com,Female,195.1.60.182
1000,Kellyann,Witterick,kwitterickoz@accuweather.com,Female,161.14.31.8
