id,first_name,last_name,email,gender,ip_address
1,Pierrette,Dufoure,pdufoure0@reuters.com,Agender,22.73.89.195
2,Coleman,MacGibbon,cmacgibbon1@ebay.com,Male,25.171.118.86
3,Meir,Rohlfing,mrohlfing2@cisco.com,Male,59.232.101.127
4,Nerta,Denes,ndenes3@google.com.br,Female,215.145.83.21
5,Loren,Goodnow,lgoodnow4@disqus.com,Male,30.160.228.20
6,Shelia,Bigmore,sbigmore5@cafepress.com,Female,179.60.221.31
7,Beverlie,Rollings,brollings6@yellowbook.com,Female,251.164.250.223
8,Horten,Sparway,hsparway7@flavors.me,Male,196.185.18.105
9,Jacquie,Boater,jboater8@photobucket.com,Female,114.185.207.174
10,Leann,Wallentin,lwallentin9@rediff.com,Female,74.51.7.192
11,Gill,Witul,gwitula@addthis.com,Male,224.70.219.201
12,Jaimie,Lomond,jlomondb@hubpages.com,Female,4.25.178.219
13,Dilly,Buttler,dbuttlerc@fda.gov,Male,38.12.212.72
14,Gilles,Parmiter,gparmiterd@furl.net,Male,132.77.199.204
15,Georgiana,Cardoe,gcardoee@imageshack.us,Female,23.103.101.181
16,Klara,McKague,kmckaguef@kickstarter.com,Female,53.5.104.195
17,Randi,Gehrels,rgehrelsg@goo.ne.jp,Female,126.76.108.157
18,Elinor,Dowyer,edowyerh@mayoclinic.com,Female,157.14.228.11
19,Avigdor,Carbett,acarbetti@un.org,Male,203.149.29.153
20,Biron,Kehir,bkehirj@rediff.com,Male,140.245.95.18
21,Hanna,Gobolos,hgobolosk@infoseek.co.jp,Female,234.53.174.13
22,Mychal,Samwell,msamwelll@csmonitor.com,Male,90.215.45.241
23,Sholom,O'Nowlan,sonowlanm@dailymotion.com,Male,76.160.20.48
24,Alicea,Bucklee,abuckleen@arstechnica.com,Female,3.35.238.89
25,Corly,Woodrooffe,cwoodrooffeo@europa.eu,Female,253.214.195.135
26,Elle,Stickland,esticklandp@yellowpages.com,Female,244.242.51.89
27,Lianna,Fernehough,lfernehoughq@yelp.com,Female,220.239.212.220
28,Oralle,Trevithick,otrevithickr@skyrock.com,Female,119.19.245.121
29,Merl,Sansome,msansomes@pagesperso-orange.fr,Bigender,239.7.167.124
30,Madelin,Mozzetti,mmozzettit@examiner.com,Female,43.122.117.144
31,Wernher,Hilldrop,whilldropu@admin.ch,Male,232.16.155.126
32,Eddy,Loble,eloblev@thetimes.co.uk,Male,216.70.66.37
33,Meredith,Denmead,mdenmeadw@marketwatch.com,Male,21.26.91.15
34,Kev,Ennion,kennionx@meetup.com,Male,221.224.249.220
35,Brewster,Fossey,bfosseyy@usgs.gov,Male,175.40.21.251
36,Rodney,Powis,rpowisz@whitehouse.gov,Non-binary,181.28.32.91
37,Euell,Steeples,esteeples10@wisc.edu,Male,200.227.132.102
38,Mel,Tomlinson,mtomlinson11@google.com,Polygender,71.201.192.67
39,Merry,Wildsmith,mwildsmith12@reverbnation.com,Female,20.214.104.91
40,Norbie,Mendenhall,nmendenhall13@webs.com,Male,48.82.144.154
41,Aksel,Ruperti,aruperti14@wikimedia.org,Male,122.158.2.38
42,Pennie,Bingell,pbingell15@hc360.com,Female,116.213.171.121
43,Thorndike,Eccles,teccles16@disqus.com,Male,194.158.41.90
44,Jakob,Rowlatt,jrowlatt17@bbb.org,Male,203.226.248.239
45,Arlena,Medland,amedland18@google.es,Female,17.114.77.30
46,Alia,Batteson,abatteson19@wikipedia.org,Female,200.139.134.15
47,Jacinda,Schiell,jschiell1a@cnn.com,Female,69.106.105.132
48,Nathan,Dench,ndench1b@edublogs.org,Male,174.243.77.102
49,Myrta,Credland,mcredland1c@mail.ru,Bigender,51.152.165.130
50,Ingeberg,Barock,ibarock1d@baidu.com,Female,24.93.55.47
51,Taffy,Stanesby,tstanesby1e@godaddy.com,Female,242.111.219.25
52,Thatcher,Manderson,tmanderson1f@netscape.com,Male,171.192.21.57
53,Rozelle,Gally,rgally1g@youku.com,Female,27.156.159.104
54,Mara,Raden,mraden1h@dailymail.co.uk,Female,144.231.158.127
55,Quinton,Lockey,qlockey1i@bigcartel.com,Male,113.167.21.121
56,Cristen,Langmuir,clangmuir1j@seattletimes.com,Female,63.147.126.233
57,Cyrill,Laurenzi,claurenzi1k@europa.eu,Male,32.144.61.11
58,Karina,Spackman,kspackman1l@etsy.com,Female,224.204.249.9
59,Coralie,Werrit,cwerrit1m@blogtalkradio.com,Female,193.152.65.158
60,Jamima,Twamley,jtwamley1n@gravatar.com,Bigender,236.222.3.210
61,Kanya,Carlick,kcarlick1o@google.cn,Female,91.15.88.147
62,Corenda,Alfonso,calfonso1p@answers.com,Female,174.104.185.72
63,Tull,McGloughlin,tmcgloughlin1q@salon.com,Male,65.68.222.245
64,Rikki,Mostyn,rmostyn1r@sbwire.com,Male,97.91.231.101
65,Wilona,Saffell,wsaffell1s@gmpg.org,Female,200.166.237.20
66,Cristal,Belhomme,cbelhomme1t@businessinsider.com,Female,221.56.105.139
67,Joella,Batchelar,jbatchelar1u@wikipedia.org,Female,54.206.67.136
68,Gerrard,Sidebottom,gsidebottom1v@friendfeed.com,Male,68.1.54.119
69,Arlinda,Halstead,ahalstead1w@google.ca,Female,94.255.119.95
70,Emmery,Casserley,ecasserley1x@newyorker.com,Male,222.237.252.159
71,Bank,Lisett,blisett1y@4shared.com,Male,239.198.49.142
72,Justen,Walbrook,jwalbrook1z@amazon.de,Male,174.196.43.39
73,Glennie,Whitefoot,gwhitefoot20@paginegialle.it,Polygender,174.108.185.242
74,Natal,Remmers,nremmers21@va.gov,Male,64.127.208.75
75,Siouxie,Pratley,spratley22@free.fr,Female,179.111.28.212
76,Henryetta,Schultze,hschultze23@weibo.com,Female,73.3.81.19
77,Vince,Maxwaile,vmaxwaile24@ow.ly,Male,219.98.99.187
78,Rochette,Nealand,rnealand25@wiley.com,Female,153.255.70.98
79,Ronny,Mixer,rmixer26@ovh.net,Female,141.117.147.234
80,Valera,Pearn,vpearn27@bluehost.com,Agender,75.71.190.51
81,Ringo,Fitkin,rfitkin28@imdb.com,Male,111.211.88.44
82,Jorey,Josefson,jjosefson29@tamu.edu,Female,84.87.248.160
83,Nessi,Barsby,nbarsby2a@unblog.fr,Female,196.67.40.215
84,Demetra,July,djuly2b@admin.ch,Female,232.229.80.112
85,Adrianna,Burbury,aburbury2c@qq.com,Female,235.37.246.23
86,Alexa,Kaplan,akaplan2d@whitehouse.gov,Female,237.70.233.195
87,Lelia,Kilford,lkilford2e@topsy.com,Genderfluid,51.183.86.250
88,Selby,Whatham,swhatham2f@time.com,Non-binary,246.22.207.204
89,Shelby,Bayne,sbayne2g@hostgator.com,Male,4.129.218.140
90,Anatole,Streater,astreater2h@indiegogo.com,Male,1.149.193.110
91,Babbette,Garfit,bgarfit2i@de.vu,Female,13.193.144.97
92,Petey,Barnett,pbarnett2j@furl.net,Male,82.92.148.37
93,Costanza,Fyndon,cfyndon2k@smh.com.au,Female,44.73.207.52
94,Mariann,Sodory,msodory2l@toplist.cz,Female,42.242.50.133
95,Stacy,Schiesterl,sschiesterl2m@nsw.gov.au,Female,142.223.187.112
96,Puff,Dudson,pdudson2n@rakuten.co.jp,Male,109.44.146.7
97,Wiley,Haselhurst,whaselhurst2o@buzzfeed.com,Male,240.238.228.19
98,Wilek,Corke,wcorke2p@jalbum.net,Male,167.148.63.117
99,Othello,Brunel,obrunel2q@wufoo.com,Male,48.253.48.163
100,Dela,Kitchiner,dkitchiner2r@clickbank.net,Female,37.243.220.150
